Name,API Name,CoreMark Score,Compute Family,FFmpeg FPS,Instance Memory,vCPUs,Instance Storage,Network Performance,On Demand,Linux Reserved cost,Linux Spot Minimum cost,Windows On Demand cost,Windows Reserved cost
A1 Double Extra Large,a1.2xlarge,"95,158.796",General purpose,22.0 fps,16 GiB,8 vCPUs,EBS only,Up to 10 Gigabit,,,,,
A1 Quadruple Extra Large,a1.4xlarge,"190,136.661",General purpose,42.0 fps,32 GiB,16 vCPUs,EBS only,Up to 10 Gigabit,,,,,
A1 Large,a1.large,"23,457.659",General purpose,,4 GiB,2 vCPUs,EBS only,Up to 10 Gigabit,,,,,
A1 Medium,a1.medium,"11,877.895",General purpose,,2 GiB,1 vCPUs,EBS only,Up to 10 Gigabit,,,,,
A1 Metal,a1.metal,"192,539.11",General purpose,44.0 fps,32 GiB,16 vCPUs,EBS only,Up to 10 Gigabit,,,,,
A1 Extra Large,a1.xlarge,"47,619.048",General purpose,12.0 fps,8 GiB,4 vCPUs,EBS only,Up to 10 Gigabit,,,,,
C1 High-CPU Medium,c1.medium,"19,882.512",Compute optimized,,1.7 GiB,2 vCPUs,350 GB HDD,Moderate,$0.148 hourly,$0.111 hourly,$0.0158 hourly,$0.228 hourly,$0.203 hourly
C1 High-CPU Extra Large,c1.xlarge,"96,298.525",Compute optimized,32.0 fps,7 GiB,8 vCPUs,1680 GB (4×420 GB HDD),High,$0.592 hourly,$0.444 hourly,$0.1063 hourly,$0.912 hourly,$0.815 hourly
C3 High-CPU Double Extra Large,c3.2xlarge,"118,729.593",Compute optimized,42.0 fps,15 GiB,8 vCPUs,160 GB (2×80 GB SSD),High,$0.478 hourly,$0.36 hourly,$0.2086 hourly,$0.752 hourly,$0.741 hourly
C3 High-CPU Quadruple Extra Large,c3.4xlarge,"237,988.993",Compute optimized,80.0 fps,30 GiB,16 vCPUs,320 GB (2×160 GB SSD),High,$0.956 hourly,$0.72 hourly,$0.3153 hourly,$1.504 hourly,$1.482 hourly
C3 High-CPU Eight Extra Large,c3.8xlarge,"483,944.145",Compute optimized,140.0 fps,60 GiB,32 vCPUs,640 GB (2×320 GB SSD),10 Gigabit,$1.912 hourly,$1.44 hourly,$0.7572 hourly,$3.008 hourly,$2.961 hourly
C3 High-CPU Large,c3.large,"29,520.295",Compute optimized,,3.75 GiB,2 vCPUs,32 GB (2×16 GB SSD),Moderate,$0.12 hourly,$0.09 hourly,$0.0212 hourly,$0.188 hourly,$0.186 hourly
C3 High-CPU Extra Large,c3.xlarge,"58,593.75",Compute optimized,21.0 fps,7.5 GiB,4 vCPUs,80 GB (2×40 GB SSD),Moderate,$0.239 hourly,$0.18 hourly,$0.0847 hourly,$0.376 hourly,$0.371 hourly
C4 High-CPU Double Extra Large,c4.2xlarge,"137,824.102",Compute optimized,42.0 fps,15 GiB,8 vCPUs,EBS only,High,$0.498 hourly,$0.34 hourly,$0.1428 hourly,$0.866 hourly,$0.708 hourly
C4 High-CPU Quadruple Extra Large,c4.4xlarge,"268,006.7",Compute optimized,85.0 fps,30 GiB,16 vCPUs,EBS only,High,$0.997 hourly,$0.68 hourly,$0.2955 hourly,$1.733 hourly,$1.416 hourly
C4 High-CPU Eight Extra Large,c4.8xlarge,"597,510.373",Compute optimized,155.0 fps,60 GiB,36 vCPUs,EBS only,10 Gigabit,$1.993 hourly,$1.361 hourly,$0.6715 hourly,$3.536 hourly,$3.017 hourly
C4 High-CPU Large,c4.large,"31,678.986",Compute optimized,,3.75 GiB,2 vCPUs,EBS only,Moderate,$0.124 hourly,$0.085 hourly,$0.0404 hourly,$0.216 hourly,$0.177 hourly
C4 High-CPU Extra Large,c4.xlarge,"67,358.967",Compute optimized,24.0 fps,7.5 GiB,4 vCPUs,EBS only,High,$0.249 hourly,$0.17 hourly,$0.0838 hourly,$0.433 hourly,$0.354 hourly
C5 High-CPU 12xlarge Extra Large,c5.12xlarge,"789,311.408",Compute optimized,178.0 fps,96 GiB,48 vCPUs,EBS only,12 Gigabit,$2.544 hourly,$1.603 hourly,$0.5851 hourly,$4.752 hourly,$3.811 hourly
C5 High-CPU 18xlarge,c5.18xlarge,"1,142,358.494",Compute optimized,183.0 fps,144 GiB,72 vCPUs,EBS only,25 Gigabit,$3.816 hourly,$2.404 hourly,$1.3161 hourly,$7.128 hourly,$5.716 hourly
C5 High-CPU 24xlarge,c5.24xlarge,"1,626,773.989",Compute optimized,192.0 fps,192 GiB,96 vCPUs,EBS only,25 Gigabit,$5.088 hourly,$3.205 hourly,$1.6734 hourly,$9.504 hourly,$7.621 hourly
C5 High-CPU Double Extra Large,c5.2xlarge,"132,664.483",Compute optimized,45.0 fps,16 GiB,8 vCPUs,EBS only,Up to 10 Gigabit,$0.424 hourly,$0.267 hourly,$0.1474 hourly,$0.792 hourly,$0.635 hourly
C5 High-CPU Quadruple Extra Large,c5.4xlarge,"262,069.53",Compute optimized,87.0 fps,32 GiB,16 vCPUs,EBS only,Up to 10 Gigabit,$0.848 hourly,$0.534 hourly,$0.3103 hourly,$1.584 hourly,$1.27 hourly
C5 High-CPU 9xlarge,c5.9xlarge,"572,906.306",Compute optimized,165.0 fps,72 GiB,36 vCPUs,EBS only,12 Gigabit,$1.908 hourly,$1.202 hourly,$0.868 hourly,$3.564 hourly,$2.858 hourly
C5 High-CPU Large,c5.large,"33,103.448",Compute optimized,,4 GiB,2 vCPUs,EBS only,Up to 10 Gigabit,$0.106 hourly,$0.067 hourly,$0.0308 hourly,$0.198 hourly,$0.159 hourly
C5 High-CPU Metal,c5.metal,"1,609,657.948",Compute optimized,192.0 fps,192 GiB,96 vCPUs,EBS only,25 Gigabit,$5.088 hourly,$3.205 hourly,$0.8977 hourly,$9.504 hourly,$7.621 hourly
C5 High-CPU Extra Large,c5.xlarge,"72,684.323",Compute optimized,27.0 fps,8 GiB,4 vCPUs,EBS only,Up to 10 Gigabit,$0.212 hourly,$0.134 hourly,$0.0781 hourly,$0.396 hourly,$0.318 hourly
C5A 12xlarge Extra Large,c5a.12xlarge,"891,199.406",Compute optimized,176.0 fps,96 GiB,48 vCPUs,EBS only,12 Gigabit,$2.28 hourly,$1.436 hourly,$0.7655 hourly,$4.488 hourly,$3.644 hourly
C5A 16xlarge Extra Large,c5a.16xlarge,"1,197,828.935",Compute optimized,184.0 fps,128 GiB,64 vCPUs,EBS only,20 Gigabit,$3.04 hourly,$1.915 hourly,$0.9421 hourly,$5.984 hourly,$4.859 hourly
C5A 24xlarge,c5a.24xlarge,"1,782,067.941",Compute optimized,209.0 fps,192 GiB,96 vCPUs,EBS only,20 Gigabit,$4.56 hourly,$2.873 hourly,$1.3221 hourly,$8.976 hourly,$7.289 hourly
C5A Double Extra Large,c5a.2xlarge,"145,348.837",Compute optimized,54.0 fps,16 GiB,8 vCPUs,EBS only,Up to 10 Gigabit,$0.38 hourly,$0.239 hourly,$0.1492 hourly,$0.748 hourly,$0.607 hourly
C5A Quadruple Extra Large,c5a.4xlarge,"290,552.504",Compute optimized,101.0 fps,32 GiB,16 vCPUs,EBS only,Up to 10 Gigabit,$0.76 hourly,$0.479 hourly,$0.3288 hourly,$1.496 hourly,$1.215 hourly
C5A Eight Extra Large,c5a.8xlarge,"587,155.963",Compute optimized,161.0 fps,64 GiB,32 vCPUs,EBS only,10 Gigabit,$1.52 hourly,$0.958 hourly,$0.6434 hourly,$2.992 hourly,$2.43 hourly
C5A Large,c5a.large,"37,030.18",Compute optimized,,4 GiB,2 vCPUs,EBS only,Up to 10 Gigabit,$0.095 hourly,$0.06 hourly,$0.0341 hourly,$0.187 hourly,$0.152 hourly
C5A Extra Large,c5a.xlarge,"68,555.759",Compute optimized,28.0 fps,8 GiB,4 vCPUs,EBS only,Up to 10 Gigabit,$0.19 hourly,$0.12 hourly,$0.0808 hourly,$0.374 hourly,$0.304 hourly
C5AD 12xlarge Extra Large,c5ad.12xlarge,,Compute optimized,,96 GiB,48 vCPUs,1800 GB (2×900 GB NVMe SSD),12 Gigabit,,,,,
C5AD 16xlarge Extra Large,c5ad.16xlarge,,Compute optimized,,128 GiB,64 vCPUs,2400 GB (2×1200 GB NVMe SSD),20 Gigabit,,,,,
C5AD 24xlarge,c5ad.24xlarge,,Compute optimized,,192 GiB,96 vCPUs,3800 GB (2×1900 GB NVMe SSD),20 Gigabit,,,,,
C5AD Double Extra Large,c5ad.2xlarge,,Compute optimized,,16 GiB,8 vCPUs,300 GB NVMe SSD,Up to 10 Gigabit,,,,,
C5AD Quadruple Extra Large,c5ad.4xlarge,,Compute optimized,,32 GiB,16 vCPUs,600 GB (2×300 GB NVMe SSD),Up to 10 Gigabit,,,,,
C5AD Eight Extra Large,c5ad.8xlarge,,Compute optimized,,64 GiB,32 vCPUs,1200 GB (2×600 GB NVMe SSD),10 Gigabit,,,,,
C5AD Large,c5ad.large,,Compute optimized,,4 GiB,2 vCPUs,75 GB NVMe SSD,Up to 10 Gigabit,,,,,
C5AD Extra Large,c5ad.xlarge,,Compute optimized,,8 GiB,4 vCPUs,150 GB NVMe SSD,Up to 10 Gigabit,,,,,
C5 High-CPU 12xlarge Extra Large,c5d.12xlarge,"786,691.797",Compute optimized,178.0 fps,96 GiB,48 vCPUs,1800 GB (2×900 GB NVMe SSD),12 Gigabit,$2.88 hourly,$1.814 hourly,$0.6431 hourly,$5.088 hourly,$4.022 hourly
C5 High-CPU 18xlarge,c5d.18xlarge,"1,164,577.436",Compute optimized,188.0 fps,144 GiB,72 vCPUs,1800 GB (2×900 GB NVMe SSD),25 Gigabit,$4.32 hourly,$2.722 hourly,$1.4179 hourly,$7.632 hourly,$6.034 hourly
C5 High-CPU 24xlarge,c5d.24xlarge,"1,546,080.444",Compute optimized,196.0 fps,192 GiB,96 vCPUs,3600 GB (4×900 GB NVMe SSD),25 Gigabit,$5.76 hourly,$3.629 hourly,$1.3851 hourly,$10.176 hourly,$8.045 hourly
C5 High-CPU Double Extra Large,c5d.2xlarge,"134,986.923",Compute optimized,45.0 fps,16 GiB,8 vCPUs,200 GB NVMe SSD,Up to 10 Gigabit,$0.48 hourly,$0.302 hourly,$0.1391 hourly,$0.848 hourly,$0.67 hourly
C5 High-CPU Quadruple Extra Large,c5d.4xlarge,"250,459.829",Compute optimized,88.0 fps,32 GiB,16 vCPUs,400 GB NVMe SSD,Up to 10 Gigabit,$0.96 hourly,$0.605 hourly,$0.3189 hourly,$1.696 hourly,$1.341 hourly
C5 High-CPU 9xlarge,c5d.9xlarge,"554,464.595",Compute optimized,167.0 fps,72 GiB,36 vCPUs,900 GB NVMe SSD,12 Gigabit,$2.16 hourly,$1.361 hourly,$0.7094 hourly,$3.816 hourly,$3.017 hourly
C5 High-CPU Large,c5d.large,"33,285.255",Compute optimized,,4 GiB,2 vCPUs,50 GB NVMe SSD,Up to 10 Gigabit,$0.12 hourly,$0.076 hourly,$0.026 hourly,$0.212 hourly,$0.168 hourly
C5 High-CPU Metal,c5d.metal,"1,749,430.524",Compute optimized,198.0 fps,192 GiB,96 vCPUs,3600 GB (4×900 GB NVMe SSD),25 Gigabit,$5.76 hourly,$3.629 hourly,$1.4371 hourly,$10.176 hourly,$8.045 hourly
C5 High-CPU Extra Large,c5d.xlarge,"63,798.397",Compute optimized,26.0 fps,8 GiB,4 vCPUs,100 GB NVMe SSD,Up to 10 Gigabit,$0.24 hourly,$0.151 hourly,$0.0737 hourly,$0.424 hourly,$0.335 hourly
C5N 18xlarge,c5n.18xlarge,"1,160,775.462",Compute optimized,187.0 fps,192 GiB,72 vCPUs,EBS only,100 Gigabit,$4.86 hourly,$3.062 hourly,$1.0502 hourly,$8.172 hourly,$6.374 hourly
C5N Double Extra Large,c5n.2xlarge,"122,680.57",Compute optimized,47.0 fps,21 GiB,8 vCPUs,EBS only,Up to 25 Gigabit,$0.54 hourly,$0.34 hourly,$0.148 hourly,$0.908 hourly,$0.708 hourly
C5N Quadruple Extra Large,c5n.4xlarge,"253,425.2",Compute optimized,92.0 fps,42 GiB,16 vCPUs,EBS only,Up to 25 Gigabit,$1.08 hourly,$0.68 hourly,$0.292 hourly,$1.816 hourly,$1.416 hourly
C5N 9xlarge,c5n.9xlarge,"587,395.472",Compute optimized,166.0 fps,96 GiB,36 vCPUs,EBS only,50 Gigabit,$2.43 hourly,$1.531 hourly,$0.4557 hourly,$4.086 hourly,$3.187 hourly
C5N Large,c5n.large,"31,365.989",Compute optimized,12.0 fps,5.25 GiB,2 vCPUs,EBS only,Up to 25 Gigabit,$0.135 hourly,$0.085 hourly,$0.0342 hourly,$0.227 hourly,$0.177 hourly
C5N Metal,c5n.metal,"1,201,201.201",Compute optimized,184.0 fps,192 GiB,72 vCPUs,EBS only,100 Gigabit,$4.86 hourly,$3.062 hourly,$0.8839 hourly,$8.172 hourly,$6.374 hourly
C5N Extra Large,c5n.xlarge,"65,832.785",Compute optimized,24.0 fps,10.5 GiB,4 vCPUs,EBS only,Up to 25 Gigabit,$0.27 hourly,$0.17 hourly,$0.0882 hourly,$0.454 hourly,$0.354 hourly
C6A 12xlarge Extra Large,c6a.12xlarge,"1,014,155.926",Compute optimized,218.0 fps,96 GiB,48 vCPUs,EBS only,18.75 Gigabit,$2.2896 hourly,$1.5121 hourly,$0.8293 hourly,$4.4976 hourly,$1.5121 hourly
C6A 16xlarge Extra Large,c6a.16xlarge,"1,332,500.521",Compute optimized,226.0 fps,128 GiB,64 vCPUs,EBS only,25 Gigabit,$3.0528 hourly,$2.0161 hourly,$1.1675 hourly,$5.9968 hourly,$4.9601 hourly
C6A 24xlarge,c6a.24xlarge,"1,843,494.959",Compute optimized,263.0 fps,192 GiB,96 vCPUs,EBS only,37.5 Gigabit,$4.5792 hourly,$3.0242 hourly,$1.5193 hourly,$8.9952 hourly,$3.0242 hourly
C6A Double Extra Large,c6a.2xlarge,"181,776.869",Compute optimized,66.0 fps,16 GiB,8 vCPUs,EBS only,Up to 12.5 Gigabit,$0.3816 hourly,$0.252 hourly,$0.1517 hourly,$0.7496 hourly,$0.62 hourly
C6A 32xlarge,c6a.32xlarge,"2,731,929.425",Compute optimized,229.0 fps,256 GiB,128 vCPUs,EBS only,50 Gigabit,$6.1056 hourly,$4.0322 hourly,$2.4422 hourly,$11.9936 hourly,$9.9202 hourly
C6A 48xlarge,c6a.48xlarge,"3,584,764.75",Compute optimized,220.0 fps,384 GiB,192 vCPUs,EBS only,50 Gigabit,$9.1584 hourly,$6.0483 hourly,$1.8091 hourly,$17.9904 hourly,$6.0483 hourly
C6A Quadruple Extra Large,c6a.4xlarge,"332,450.262",Compute optimized,120.0 fps,32 GiB,16 vCPUs,EBS only,Up to 12.5 Gigabit,$0.7632 hourly,$0.504 hourly,$0.3179 hourly,$1.4992 hourly,$1.24 hourly
C6A Eight Extra Large,c6a.8xlarge,"624,969.484",Compute optimized,178.0 fps,64 GiB,32 vCPUs,EBS only,12.5 Gigabit,$1.5264 hourly,$1.0081 hourly,$0.7253 hourly,$2.9984 hourly,$1.0081 hourly
C6A Large,c6a.large,"43,208.987",Compute optimized,,4 GiB,2 vCPUs,EBS only,Up to 12.5 Gigabit,$0.0954 hourly,$0.063 hourly,$0.0352 hourly,$0.1874 hourly,$0.155 hourly
C6A Metal,c6a.metal,"3,398,330.334",Compute optimized,257.0 fps,384 GiB,192 vCPUs,EBS only,50 Gigabit,$9.1584 hourly,$6.0483 hourly,$1.6305 hourly,$17.9904 hourly,$14.8803 hourly
C6A Extra Large,c6a.xlarge,"86,157.381",Compute optimized,34.0 fps,8 GiB,4 vCPUs,EBS only,Up to 12.5 Gigabit,$0.1908 hourly,$0.126 hourly,$0.0831 hourly,$0.3748 hourly,$0.126 hourly
C6G 12xlarge Extra Large,c6g.12xlarge,"920,774.986",Compute optimized,170.0 fps,96 GiB,48 vCPUs,EBS only,20 Gigabit,$2.0352 hourly,$1.2822 hourly,$0.3873 hourly,,
C6G 16xlarge Extra Large,c6g.16xlarge,"1,271,018.138",Compute optimized,175.0 fps,128 GiB,64 vCPUs,EBS only,25 Gigabit,$2.7136 hourly,$1.7096 hourly,$0.4954 hourly,,
C6G Double Extra Large,c6g.2xlarge,"152,497.141",Compute optimized,50.0 fps,16 GiB,8 vCPUs,EBS only,Up to 10 Gigabit,$0.3392 hourly,$0.2137 hourly,$0.1302 hourly,,
C6G Quadruple Extra Large,c6g.4xlarge,"321,737.382",Compute optimized,92.0 fps,32 GiB,16 vCPUs,EBS only,Up to 10 Gigabit,$0.6784 hourly,$0.4274 hourly,$0.2224 hourly,,
C6G Eight Extra Large,c6g.8xlarge,"647,161.925",Compute optimized,151.0 fps,64 GiB,32 vCPUs,EBS only,12 Gigabit,$1.3568 hourly,$0.8548 hourly,$0.456 hourly,,
C6G Large,c6g.large,"40,300.913",Compute optimized,,4 GiB,2 vCPUs,EBS only,Up to 10 Gigabit,$0.0848 hourly,$0.0534 hourly,$0.0324 hourly,,
C6G Medium,c6g.medium,"19,743.337",Compute optimized,,2 GiB,1 vCPUs,EBS only,Up to 10 Gigabit,$0.0424 hourly,$0.0267 hourly,$0.0123 hourly,,
C6G Metal,c6g.metal,"1,258,768.767",Compute optimized,177.0 fps,128 GiB,64 vCPUs,EBS only,25 Gigabit,$2.7136 hourly,$1.7096 hourly,$0.4793 hourly,,
C6G Extra Large,c6g.xlarge,"79,512.324",Compute optimized,26.0 fps,8 GiB,4 vCPUs,EBS only,Up to 10 Gigabit,$0.1696 hourly,$0.1068 hourly,$0.0652 hourly,,
C6GD 12xlarge Extra Large,c6gd.12xlarge,"928,373.412",Compute optimized,172.0 fps,96 GiB,48 vCPUs,2850 GB (2×1425 GB NVMe SSD),20 Gigabit,$2.304 hourly,$1.4617 hourly,$0.6078 hourly,,
C6GD 16xlarge Extra Large,c6gd.16xlarge,"1,243,764.98",Compute optimized,176.0 fps,128 GiB,64 vCPUs,3800 GB (2×1900 GB NVMe SSD),25 Gigabit,$3.072 hourly,$1.9489 hourly,$0.5897 hourly,,
C6GD Double Extra Large,c6gd.2xlarge,"158,029.894",Compute optimized,50.0 fps,16 GiB,8 vCPUs,474 GB NVMe SSD,Up to 10 Gigabit,$0.384 hourly,$0.2436 hourly,$0.1257 hourly,,
C6GD Quadruple Extra Large,c6gd.4xlarge,"311,425.42",Compute optimized,94.0 fps,32 GiB,16 vCPUs,950 GB NVMe SSD,Up to 10 Gigabit,$0.768 hourly,$0.4872 hourly,$0.2931 hourly,,
C6GD Eight Extra Large,c6gd.8xlarge,"625,814.863",Compute optimized,152.0 fps,64 GiB,32 vCPUs,1900 GB NVMe SSD,12 Gigabit,$1.536 hourly,$0.9745 hourly,$0.4362 hourly,,
C6GD Large,c6gd.large,"39,968.026",Compute optimized,,4 GiB,2 vCPUs,118 GB NVMe SSD,Up to 10 Gigabit,$0.096 hourly,$0.0609 hourly,$0.0191 hourly,,
C6GD Medium,c6gd.medium,"19,098.549",Compute optimized,,2 GiB,1 vCPUs,59 GB NVMe SSD,Up to 10 Gigabit,$0.048 hourly,$0.0305 hourly,$0.0086 hourly,,
C6GD Metal,c6gd.metal,"1,247,239.184",Compute optimized,178.0 fps,128 GiB,64 vCPUs,3800 GB (2×1900 GB NVMe SSD),25 Gigabit,$3.072 hourly,$1.9489 hourly,$0.3072 hourly,,
C6GD Extra Large,c6gd.xlarge,"78,426.247",Compute optimized,26.0 fps,8 GiB,4 vCPUs,237 GB NVMe SSD,Up to 10 Gigabit,$0.192 hourly,$0.1218 hourly,$0.0629 hourly,,
C6GN 12xlarge Extra Large,c6gn.12xlarge,"932,823.735",Compute optimized,172.0 fps,96 GiB,48 vCPUs,EBS only,75 Gigabit,$2.592 hourly,$1.638 hourly,$0.8447 hourly,,
C6GN 16xlarge Extra Large,c6gn.16xlarge,"1,273,125.124",Compute optimized,175.0 fps,128 GiB,64 vCPUs,EBS only,100 Gigabit,$3.456 hourly,$2.184 hourly,$0.6333 hourly,,
C6GN Double Extra Large,c6gn.2xlarge,"160,192.231",Compute optimized,50.0 fps,16 GiB,8 vCPUs,EBS only,Up to 25 Gigabit,$0.432 hourly,$0.273 hourly,$0.1266 hourly,,
C6GN Quadruple Extra Large,c6gn.4xlarge,"306,435.138",Compute optimized,93.0 fps,32 GiB,16 vCPUs,EBS only,25 Gigabit,$0.864 hourly,$0.546 hourly,$0.2938 hourly,,
C6GN Eight Extra Large,c6gn.8xlarge,"619,874.734",Compute optimized,151.0 fps,64 GiB,32 vCPUs,EBS only,50 Gigabit,$1.728 hourly,$1.092 hourly,$0.4829 hourly,,
C6GN Large,c6gn.large,"40,238.75",Compute optimized,,4 GiB,2 vCPUs,EBS only,Up to 25 Gigabit,$0.108 hourly,$0.0683 hourly,$0.0262 hourly,,
C6GN Medium,c6gn.medium,"19,136.314",Compute optimized,,2 GiB,1 vCPUs,EBS only,Up to 16 Gigabit,$0.054 hourly,$0.0341 hourly,$0.0095 hourly,,
C6GN Metal,c6gn.metal,,Compute optimized,,128 GiB,64 vCPUs,EBS only,100 Gigabit,,,,,
C6GN Extra Large,c6gn.xlarge,"79,166.117",Compute optimized,26.0 fps,8 GiB,4 vCPUs,EBS only,Up to 25 Gigabit,$0.216 hourly,$0.1365 hourly,$0.0704 hourly,,
C6I 12xlarge Extra Large,c6i.12xlarge,"847,121.112",Compute optimized,218.0 fps,96 GiB,48 vCPUs,EBS only,18.75 Gigabit,$2.544 hourly,$1.6802 hourly,$0.8978 hourly,$4.752 hourly,$1.6802 hourly
C6I 16xlarge Extra Large,c6i.16xlarge,"1,074,862.493",Compute optimized,185.0 fps,128 GiB,64 vCPUs,EBS only,25 Gigabit,$3.392 hourly,$2.2403 hourly,$1.3985 hourly,$6.336 hourly,$2.2403 hourly
C6I 24xlarge,c6i.24xlarge,"1,618,545.838",Compute optimized,237.0 fps,192 GiB,96 vCPUs,EBS only,37.5 Gigabit,$5.088 hourly,$3.3604 hourly,$1.6911 hourly,$9.504 hourly,$7.7764 hourly
C6I Double Extra Large,c6i.2xlarge,"136,839.855",Compute optimized,54.0 fps,16 GiB,8 vCPUs,EBS only,Up to 12.5 Gigabit,$0.424 hourly,$0.28 hourly,$0.1575 hourly,$0.792 hourly,$0.648 hourly
C6I 32xlarge,c6i.32xlarge,"2,262,083.591",Compute optimized,219.0 fps,256 GiB,128 vCPUs,EBS only,50 Gigabit,$6.784 hourly,$4.4806 hourly,$2.7863 hourly,$12.672 hourly,$10.3686 hourly
C6I Quadruple Extra Large,c6i.4xlarge,"276,864.509",Compute optimized,101.0 fps,32 GiB,16 vCPUs,EBS only,Up to 12.5 Gigabit,$0.848 hourly,$0.5601 hourly,$0.3174 hourly,$1.584 hourly,$1.2961 hourly
C6I Eight Extra Large,c6i.8xlarge,"540,723.217",Compute optimized,185.0 fps,64 GiB,32 vCPUs,EBS only,12.5 Gigabit,$1.696 hourly,$1.1201 hourly,$0.7274 hourly,$3.168 hourly,$2.5921 hourly
C6I Large,c6i.large,"35,321.128",Compute optimized,,4 GiB,2 vCPUs,EBS only,Up to 12.5 Gigabit,$0.106 hourly,$0.07 hourly,$0.036 hourly,$0.198 hourly,$0.07 hourly
C6I Metal,c6i.metal,"2,266,589.933",Compute optimized,255.0 fps,256 GiB,128 vCPUs,EBS only,50 Gigabit,$6.784 hourly,$4.4806 hourly,$1.2011 hourly,$12.672 hourly,$10.3686 hourly
C6I Extra Large,c6i.xlarge,"70,311.127",Compute optimized,27.0 fps,8 GiB,4 vCPUs,EBS only,Up to 12.5 Gigabit,$0.212 hourly,$0.14 hourly,$0.0774 hourly,$0.396 hourly,$0.324 hourly
C6ID 12xlarge Extra Large,c6id.12xlarge,,Compute optimized,,96 GiB,48 vCPUs,2850 GB (2×1425 GB NVMe SSD),18.75 Gigabit,,,,,
C6ID 16xlarge Extra Large,c6id.16xlarge,,Compute optimized,,128 GiB,64 vCPUs,3800 GB (2×1900 GB NVMe SSD),25 Gigabit,,,,,
C6ID 24xlarge,c6id.24xlarge,,Compute optimized,,192 GiB,96 vCPUs,5700 GB (4×1425 GB NVMe SSD),37.5 Gigabit,,,,,
C6ID Double Extra Large,c6id.2xlarge,,Compute optimized,,16 GiB,8 vCPUs,474 GB NVMe SSD,Up to 12.5 Gigabit,,,,,
C6ID 32xlarge,c6id.32xlarge,,Compute optimized,,256 GiB,128 vCPUs,7600 GB (4×1900 GB NVMe SSD),50 Gigabit,,,,,
C6ID Quadruple Extra Large,c6id.4xlarge,,Compute optimized,,32 GiB,16 vCPUs,950 GB NVMe SSD,Up to 12.5 Gigabit,,,,,
C6ID Eight Extra Large,c6id.8xlarge,,Compute optimized,,64 GiB,32 vCPUs,1900 GB NVMe SSD,12.5 Gigabit,,,,,
C6ID Large,c6id.large,,Compute optimized,,4 GiB,2 vCPUs,118 GB NVMe SSD,Up to 12.5 Gigabit,,,,,
C6ID Metal,c6id.metal,,Compute optimized,,256 GiB,128 vCPUs,7600 GB (4×1900 GB NVMe SSD),50 Gigabit,,,,,
C6ID Extra Large,c6id.xlarge,,Compute optimized,,8 GiB,4 vCPUs,237 GB NVMe SSD,Up to 12.5 Gigabit,,,,,
C6IN 12xlarge Extra Large,c6in.12xlarge,"795,228.628",Compute optimized,215.0 fps,96 GiB,48 vCPUs,EBS only,75 Gigabit,$3.402 hourly,$2.1433 hourly,$1.1249 hourly,$5.61 hourly,$4.3513 hourly
C6IN 16xlarge Extra Large,c6in.16xlarge,"1,061,183.883",Compute optimized,187.0 fps,128 GiB,64 vCPUs,EBS only,100 Gigabit,$4.536 hourly,$2.8577 hourly,$1.6371 hourly,$7.48 hourly,$5.8017 hourly
C6IN 24xlarge,c6in.24xlarge,"1,632,306.057",Compute optimized,238.0 fps,192 GiB,96 vCPUs,EBS only,150 Gigabit,$6.804 hourly,$4.2865 hourly,$1.3305 hourly,$11.22 hourly,$8.7025 hourly
C6IN Double Extra Large,c6in.2xlarge,"136,025.505",Compute optimized,56.0 fps,16 GiB,8 vCPUs,EBS only,Up to 40 Gigabit,$0.567 hourly,$0.3572 hourly,$0.1728 hourly,$0.935 hourly,$0.7252 hourly
C6IN 32xlarge,c6in.32xlarge,"2,142,887.038",Compute optimized,212.0 fps,256 GiB,128 vCPUs,EBS only,200 Gigabit,$9.072 hourly,$5.7154 hourly,$1.7096 hourly,$14.96 hourly,$11.6034 hourly
C6IN Quadruple Extra Large,c6in.4xlarge,"269,837.254",Compute optimized,107.0 fps,32 GiB,16 vCPUs,EBS only,Up to 50 Gigabit,$1.134 hourly,$0.7144 hourly,$0.3726 hourly,$1.87 hourly,$1.4504 hourly
C6IN Eight Extra Large,c6in.8xlarge,"544,588.155",Compute optimized,186.0 fps,64 GiB,32 vCPUs,EBS only,50 Gigabit,$2.268 hourly,$1.4288 hourly,$0.532 hourly,$3.74 hourly,$2.9008 hourly
C6IN Large,c6in.large,"33,765.247",Compute optimized,,4 GiB,2 vCPUs,EBS only,Up to 25 Gigabit,$0.1418 hourly,$0.0893 hourly,$0.0326 hourly,$0.2338 hourly,$0.1813 hourly
C6IN Metal,c6in.metal,"2,300,606.605",Compute optimized,258.0 fps,256 GiB,128 vCPUs,EBS only,200 Gigabit,$9.072 hourly,$5.7154 hourly,$1.189 hourly,$14.96 hourly,$11.6034 hourly
C6IN Extra Large,c6in.xlarge,"68,678.371",Compute optimized,28.0 fps,8 GiB,4 vCPUs,EBS only,Up to 30 Gigabit,$0.2835 hourly,$0.1786 hourly,$0.0947 hourly,$0.4675 hourly,$0.3626 hourly
C7A 12xlarge Extra Large,c7a.12xlarge,"1,416,207.71",Compute optimized,298.0 fps,96 GiB,48 vCPUs,EBS only,18.75 Gigabit,,,,,
C7A 16xlarge Extra Large,c7a.16xlarge,"2,015,219.103",Compute optimized,322.0 fps,128 GiB,64 vCPUs,EBS only,25 Gigabit,,,,,
C7A 24xlarge,c7a.24xlarge,"2,865,386.529",Compute optimized,315.0 fps,192 GiB,96 vCPUs,EBS only,37.5 Gigabit,,,,,
C7A Double Extra Large,c7a.2xlarge,"257,510.73",Compute optimized,105.0 fps,16 GiB,8 vCPUs,EBS only,Up to 12.5 Gigabit,,,,,
C7A 32xlarge,c7a.32xlarge,"4,052,342.761",Compute optimized,294.0 fps,256 GiB,128 vCPUs,EBS only,50 Gigabit,,,,,
C7A 48xlarge,c7a.48xlarge,"5,863,490.609",Compute optimized,311.0 fps,384 GiB,192 vCPUs,EBS only,50 Gigabit,,,,,
C7A Quadruple Extra Large,c7a.4xlarge,"514,497.026",Compute optimized,189.0 fps,32 GiB,16 vCPUs,EBS only,Up to 12.5 Gigabit,,,,,
C7A Eight Extra Large,c7a.8xlarge,"1,061,007.958",Compute optimized,285.0 fps,64 GiB,32 vCPUs,EBS only,12.5 Gigabit,,,,,
C7A Large,c7a.large,"67,336.289",Compute optimized,,4 GiB,2 vCPUs,EBS only,Up to 12.5 Gigabit,,,,,
C7A Medium,c7a.medium,"32,965.222",Compute optimized,,2 GiB,1 vCPUs,EBS only,Up to 12.5 Gigabit,,,,,
C7A Metal-48xl,c7a.metal-48xl,"6,115,948.184",Compute optimized,329.0 fps,384 GiB,192 vCPUs,EBS only,50 Gigabit,,,,,
C7A Extra Large,c7a.xlarge,"133,081.956",Compute optimized,55.0 fps,8 GiB,4 vCPUs,EBS only,Up to 12.5 Gigabit,,,,,
C7G 12xlarge Extra Large,c7g.12xlarge,"1,252,037.822",Compute optimized,240.0 fps,96 GiB,48 vCPUs,EBS only,22.5 Gigabit,$2.1624 hourly,$1.4281 hourly,$0.5265 hourly,,
C7G 16xlarge Extra Large,c7g.16xlarge,"1,611,786.186",Compute optimized,242.0 fps,128 GiB,64 vCPUs,EBS only,30 Gigabit,$2.8832 hourly,$1.9041 hourly,$0.8543 hourly,,
C7G Double Extra Large,c7g.2xlarge,"199,104.032",Compute optimized,72.0 fps,16 GiB,8 vCPUs,EBS only,Up to 15 Gigabit,$0.3604 hourly,$0.238 hourly,$0.133 hourly,,
C7G Quadruple Extra Large,c7g.4xlarge,"413,329.889",Compute optimized,133.0 fps,32 GiB,16 vCPUs,EBS only,Up to 15 Gigabit,$0.7208 hourly,$0.476 hourly,$0.2894 hourly,,
C7G Eight Extra Large,c7g.8xlarge,"807,876.799",Compute optimized,212.0 fps,64 GiB,32 vCPUs,EBS only,15 Gigabit,$1.4416 hourly,$0.952 hourly,$0.4881 hourly,,
C7G Large,c7g.large,"51,890.77",Compute optimized,,4 GiB,2 vCPUs,EBS only,Up to 12.5 Gigabit,$0.0901 hourly,$0.0595 hourly,$0.0348 hourly,,
C7G Medium,c7g.medium,"24,828.271",Compute optimized,,2 GiB,1 vCPUs,EBS only,Up to 12.5 Gigabit,$0.0451 hourly,$0.0298 hourly,$0.0119 hourly,,
C7G Metal,c7g.metal,"1,533,852.606",Compute optimized,245.0 fps,128 GiB,64 vCPUs,EBS only,30 Gigabit,$2.8832 hourly,$1.9041 hourly,$0.6153 hourly,,
C7G Extra Large,c7g.xlarge,"99,781.727",Compute optimized,38.0 fps,8 GiB,4 vCPUs,EBS only,Up to 12.5 Gigabit,$0.1802 hourly,$0.119 hourly,$0.0712 hourly,,
C7GD 12xlarge Extra Large,c7gd.12xlarge,"1,211,280.045",Compute optimized,238.0 fps,96 GiB,48 vCPUs,2850 GB (2×1425 GB NVMe SSD),22.5 Gigabit,$2.7216 hourly,$1.7146 hourly,$0.7754 hourly,,
C7GD 16xlarge Extra Large,c7gd.16xlarge,"1,579,466.93",Compute optimized,242.0 fps,128 GiB,64 vCPUs,3800 GB (2×1900 GB NVMe SSD),30 Gigabit,$3.6288 hourly,$2.2861 hourly,$0.8429 hourly,,
C7GD Double Extra Large,c7gd.2xlarge,"206,718.346",Compute optimized,72.0 fps,16 GiB,8 vCPUs,474 GB NVMe SSD,Up to 15 Gigabit,$0.4536 hourly,$0.2858 hourly,$0.1278 hourly,,
C7GD Quadruple Extra Large,c7gd.4xlarge,"402,161.619",Compute optimized,133.0 fps,32 GiB,16 vCPUs,950 GB NVMe SSD,Up to 15 Gigabit,$0.9072 hourly,$0.5715 hourly,$0.3126 hourly,,
C7GD Eight Extra Large,c7gd.8xlarge,"819,882.142",Compute optimized,212.0 fps,64 GiB,32 vCPUs,1900 GB NVMe SSD,15 Gigabit,$1.8144 hourly,$1.1431 hourly,$0.5997 hourly,,
C7GD Large,c7gd.large,"50,706.725",Compute optimized,,4 GiB,2 vCPUs,118 GB NVMe SSD,Up to 12.5 Gigabit,$0.1134 hourly,$0.0714 hourly,$0.0228 hourly,,
C7GD Medium,c7gd.medium,"24,917.461",Compute optimized,,2 GiB,1 vCPUs,59 GB NVMe SSD,Up to 12.5 Gigabit,$0.0567 hourly,$0.0357 hourly,$0.0101 hourly,,
C7GD Metal,c7gd.metal,"1,630,157.922",Compute optimized,245.0 fps,128 GiB,64 vCPUs,3800 GB (2×1900 GB NVMe SSD),30 Gigabit,$3.6288 hourly,$2.2861 hourly,$0.6923 hourly,,
C7GD Extra Large,c7gd.xlarge,"100,483.577",Compute optimized,36.0 fps,8 GiB,4 vCPUs,237 GB NVMe SSD,Up to 12.5 Gigabit,$0.2268 hourly,$0.1429 hourly,$0.0666 hourly,,
C7GN 12xlarge Extra Large,c7gn.12xlarge,,Compute optimized,,96 GiB,48 vCPUs,EBS only,150 Gigabit,,,,,
C7GN 16xlarge Extra Large,c7gn.16xlarge,,Compute optimized,,128 GiB,64 vCPUs,EBS only,200 Gigabit,,,,,
C7GN Double Extra Large,c7gn.2xlarge,,Compute optimized,,16 GiB,8 vCPUs,EBS only,Up to 50 Gigabit,,,,,
C7GN Quadruple Extra Large,c7gn.4xlarge,,Compute optimized,,32 GiB,16 vCPUs,EBS only,50 Gigabit,,,,,
C7GN Eight Extra Large,c7gn.8xlarge,,Compute optimized,,64 GiB,32 vCPUs,EBS only,100 Gigabit,,,,,
C7GN Large,c7gn.large,,Compute optimized,,4 GiB,2 vCPUs,EBS only,Up to 30 Gigabit,,,,,
C7GN Medium,c7gn.medium,,Compute optimized,,2 GiB,1 vCPUs,EBS only,Up to 25 Gigabit,,,,,
C7GN Metal,c7gn.metal,,Compute optimized,,128 GiB,64 vCPUs,EBS only,200 Gigabit,,,,,
C7GN Extra Large,c7gn.xlarge,,Compute optimized,,8 GiB,4 vCPUs,EBS only,Up to 40 Gigabit,,,,,
C7I-FLEX 12xlarge Extra Large,c7i-flex.12xlarge,"1,109,399.076",Compute optimized,245.0 fps,96 GiB,48 vCPUs,EBS only,Up to 18.75 Gigabit,$2.5376 hourly,$1.676 hourly,$0.6285 hourly,$4.7456 hourly,$3.884 hourly
C7I-FLEX 16xlarge Extra Large,c7i-flex.16xlarge,"1,296,684.001",Compute optimized,228.0 fps,128 GiB,64 vCPUs,EBS only,Up to 25 Gigabit,$3.3835 hourly,$2.2347 hourly,$0.6944 hourly,$6.3275 hourly,$5.1787 hourly
C7I-FLEX Double Extra Large,c7i-flex.2xlarge,"181,289.421",Compute optimized,73.0 fps,16 GiB,8 vCPUs,EBS only,Up to 12.5 Gigabit,$0.4229 hourly,$0.2793 hourly,$0.1467 hourly,$0.7725 hourly,$0.6289 hourly
C7I-FLEX Quadruple Extra Large,c7i-flex.4xlarge,"374,590.292",Compute optimized,140.0 fps,32 GiB,16 vCPUs,EBS only,Up to 12.5 Gigabit,$0.8459 hourly,$0.5587 hourly,$0.249 hourly,$1.5451 hourly,$1.2579 hourly
C7I-FLEX Eight Extra Large,c7i-flex.8xlarge,"686,965.544",Compute optimized,210.0 fps,64 GiB,32 vCPUs,EBS only,Up to 12.5 Gigabit,$1.6918 hourly,$1.1174 hourly,$0.4029 hourly,$3.0902 hourly,$2.5158 hourly
C7I-FLEX Large,c7i-flex.large,"40,363.269",Compute optimized,,4 GiB,2 vCPUs,EBS only,Up to 12.5 Gigabit,$0.1057 hourly,$0.0698 hourly,$0.0255 hourly,$0.1931 hourly,$0.1572 hourly
C7I-FLEX Extra Large,c7i-flex.xlarge,"81,045.487",Compute optimized,32.0 fps,8 GiB,4 vCPUs,EBS only,Up to 12.5 Gigabit,$0.2115 hourly,$0.1397 hourly,$0.0758 hourly,$0.3863 hourly,$0.3145 hourly
C7I 12xlarge Extra Large,c7i.12xlarge,"1,114,637.356",Compute optimized,245.0 fps,96 GiB,48 vCPUs,EBS only,18.75 Gigabit,$2.6712 hourly,$1.7642 hourly,$1.0132 hourly,$4.8792 hourly,$3.9722 hourly
C7I 16xlarge Extra Large,c7i.16xlarge,"1,461,076.022",Compute optimized,240.0 fps,128 GiB,64 vCPUs,EBS only,25 Gigabit,$3.5616 hourly,$2.3523 hourly,$1.4034 hourly,$6.5056 hourly,$5.2963 hourly
C7I 24xlarge,c7i.24xlarge,"1,984,974.843",Compute optimized,251.0 fps,192 GiB,96 vCPUs,EBS only,37.5 Gigabit,$5.3424 hourly,$3.5284 hourly,$1.3273 hourly,$9.7584 hourly,$7.9444 hourly
C7I Double Extra Large,c7i.2xlarge,"159,211.901",Compute optimized,58.0 fps,16 GiB,8 vCPUs,EBS only,Up to 12.5 Gigabit,$0.4452 hourly,$0.294 hourly,$0.1772 hourly,$0.8132 hourly,$0.662 hourly
C7I 48xlarge,c7i.48xlarge,"3,925,310.072",Compute optimized,268.0 fps,384 GiB,192 vCPUs,EBS only,50 Gigabit,$10.6848 hourly,$7.0569 hourly,$2.5524 hourly,$19.5168 hourly,$15.8889 hourly
C7I Quadruple Extra Large,c7i.4xlarge,"382,775.12",Compute optimized,131.0 fps,32 GiB,16 vCPUs,EBS only,Up to 12.5 Gigabit,$0.8904 hourly,$0.5881 hourly,$0.4008 hourly,$1.6264 hourly,$1.3241 hourly
C7I Eight Extra Large,c7i.8xlarge,"766,834.412",Compute optimized,223.0 fps,64 GiB,32 vCPUs,EBS only,12.5 Gigabit,$1.7808 hourly,$1.1762 hourly,$0.7019 hourly,$3.2528 hourly,$2.6482 hourly
C7I Large,c7i.large,"39,481.477",Compute optimized,,4 GiB,2 vCPUs,EBS only,Up to 12.5 Gigabit,$0.1113 hourly,$0.0735 hourly,$0.0402 hourly,$0.2033 hourly,$0.1655 hourly
C7I Metal-24xl,c7i.metal-24xl,"2,007,248.397",Compute optimized,278.0 fps,192 GiB,96 vCPUs,EBS only,37.5 Gigabit,$5.3424 hourly,$3.5284 hourly,$1.1655 hourly,$9.7584 hourly,$7.9444 hourly
C7I Metal-48xl,c7i.metal-48xl,"4,179,667.658",Compute optimized,283.0 fps,384 GiB,192 vCPUs,EBS only,50 Gigabit,$10.6848 hourly,$7.0569 hourly,$1.8937 hourly,$19.5168 hourly,$15.8889 hourly
C7I Extra Large,c7i.xlarge,"97,652.277",Compute optimized,33.0 fps,8 GiB,4 vCPUs,EBS only,Up to 12.5 Gigabit,$0.2226 hourly,$0.147 hourly,$0.0844 hourly,$0.4066 hourly,$0.331 hourly
C8A 12xlarge Extra Large,c8a.12xlarge,"2,043,132.804",Compute optimized,388.0 fps,96 GiB,48 vCPUs,EBS only,22.5 Gigabit,,,,,
C8A 16xlarge Extra Large,c8a.16xlarge,"2,600,921.16",Compute optimized,400.0 fps,128 GiB,64 vCPUs,EBS only,30 Gigabit,,,,,
C8A 24xlarge,c8a.24xlarge,"3,994,099.626",Compute optimized,414.0 fps,192 GiB,96 vCPUs,EBS only,40 Gigabit,,,,,
C8A Double Extra Large,c8a.2xlarge,"354,872.098",Compute optimized,133.0 fps,16 GiB,8 vCPUs,EBS only,Up to 15 Gigabit,,,,,
C8A 48xlarge,c8a.48xlarge,"6,834,509.093",Compute optimized,410.0 fps,384 GiB,192 vCPUs,EBS only,75 Gigabit,,,,,
C8A Quadruple Extra Large,c8a.4xlarge,"731,565.384",Compute optimized,237.0 fps,32 GiB,16 vCPUs,EBS only,Up to 15 Gigabit,,,,,
C8A Eight Extra Large,c8a.8xlarge,"1,300,372.503",Compute optimized,349.0 fps,64 GiB,32 vCPUs,EBS only,15 Gigabit,,,,,
C8A Large,c8a.large,"94,265.515",Compute optimized,,4 GiB,2 vCPUs,EBS only,Up to 12.5 Gigabit,,,,,
C8A Medium,c8a.medium,"42,137.791",Compute optimized,,2 GiB,1 vCPUs,EBS only,Up to 12.5 Gigabit,,,,,
C8A Metal-24xl,c8a.metal-24xl,"3,948,696.855",Compute optimized,438.0 fps,192 GiB,96 vCPUs,EBS only,40 Gigabit,,,,,
C8A Metal-48xl,c8a.metal-48xl,"7,931,202.824",Compute optimized,412.0 fps,384 GiB,192 vCPUs,EBS only,75 Gigabit,,,,,
C8A Extra Large,c8a.xlarge,"188,146.754",Compute optimized,68.0 fps,8 GiB,4 vCPUs,EBS only,Up to 12.5 Gigabit,,,,,
C8G 12xlarge Extra Large,c8g.12xlarge,"1,371,722.512",Compute optimized,293.0 fps,96 GiB,48 vCPUs,EBS only,22.5 Gigabit,$2.3789 hourly,$1.571 hourly,$0.7821 hourly,,
C8G 16xlarge Extra Large,c8g.16xlarge,"1,995,323.461",Compute optimized,296.0 fps,128 GiB,64 vCPUs,EBS only,30 Gigabit,$3.1718 hourly,$2.0947 hourly,$1.0344 hourly,,
C8G 24xlarge,c8g.24xlarge,"2,925,714.286",Compute optimized,298.0 fps,192 GiB,96 vCPUs,EBS only,40 Gigabit,$4.7578 hourly,$3.1421 hourly,$1.034 hourly,,
C8G Double Extra Large,c8g.2xlarge,"236,896.654",Compute optimized,88.0 fps,16 GiB,8 vCPUs,EBS only,Up to 15 Gigabit,$0.3965 hourly,$0.2618 hourly,$0.15 hourly,,
C8G 48xlarge,c8g.48xlarge,"5,350,424.969",Compute optimized,278.0 fps,384 GiB,192 vCPUs,EBS only,50 Gigabit,$9.5155 hourly,$6.2841 hourly,$2.6266 hourly,,
C8G Quadruple Extra Large,c8g.4xlarge,"486,803.073",Compute optimized,159.0 fps,32 GiB,16 vCPUs,EBS only,Up to 15 Gigabit,$0.793 hourly,$0.5237 hourly,$0.3369 hourly,,
C8G Eight Extra Large,c8g.8xlarge,"1,024,081.927",Compute optimized,254.0 fps,64 GiB,32 vCPUs,EBS only,15 Gigabit,$1.5859 hourly,$1.0474 hourly,$0.4459 hourly,,
C8G Large,c8g.large,"58,152.213",Compute optimized,,4 GiB,2 vCPUs,EBS only,Up to 12.5 Gigabit,$0.0991 hourly,$0.0655 hourly,$0.0224 hourly,,
C8G Medium,c8g.medium,"30,161.363",Compute optimized,,2 GiB,1 vCPUs,EBS only,Up to 12.5 Gigabit,$0.0496 hourly,$0.0327 hourly,$0.009 hourly,,
C8G Metal-24xl,c8g.metal-24xl,"3,003,284.843",Compute optimized,300.0 fps,192 GiB,96 vCPUs,EBS only,40 Gigabit,$4.7578 hourly,$3.1421 hourly,$0.5851 hourly,,
C8G Metal-48xl,c8g.metal-48xl,"5,484,930.724",Compute optimized,283.0 fps,384 GiB,192 vCPUs,EBS only,50 Gigabit,$9.5155 hourly,$6.2841 hourly,$0.9516 hourly,,
C8G Extra Large,c8g.xlarge,"125,039.075",Compute optimized,44.0 fps,8 GiB,4 vCPUs,EBS only,Up to 12.5 Gigabit,$0.1982 hourly,$0.1309 hourly,$0.0712 hourly,,
C8GB 12xlarge Extra Large,c8gb.12xlarge,"1,444,151.937",Compute optimized,291.0 fps,96 GiB,48 vCPUs,EBS only,100 Gigabit,,,,,
C8GB 16xlarge Extra Large,c8gb.16xlarge,"1,872,713.972",Compute optimized,297.0 fps,128 GiB,64 vCPUs,EBS only,133.33 Gigabit,,,,,
C8GB 24xlarge,c8gb.24xlarge,"2,751,701.899",Compute optimized,297.0 fps,192 GiB,96 vCPUs,EBS only,200 Gigabit,,,,,
C8GB Double Extra Large,c8gb.2xlarge,"255,244.476",Compute optimized,88.0 fps,16 GiB,8 vCPUs,EBS only,Up to 33.33 Gigabit,,,,,
C8GB 48xlarge,c8gb.48xlarge,"5,503,403.798",Compute optimized,117.0 fps,384 GiB,192 vCPUs,EBS only,400 Gigabit,,,,,
C8GB Quadruple Extra Large,c8gb.4xlarge,"477,255.779",Compute optimized,159.0 fps,32 GiB,16 vCPUs,EBS only,33.33 Gigabit,,,,,
C8GB Eight Extra Large,c8gb.8xlarge,"983,858.57",Compute optimized,257.0 fps,64 GiB,32 vCPUs,EBS only,66.66 Gigabit,,,,,
C8GB Large,c8gb.large,"60,163.947",Compute optimized,,4 GiB,2 vCPUs,EBS only,Up to 20 Gigabit,,,,,
C8GB Medium,c8gb.medium,"29,620.853",Compute optimized,,2 GiB,1 vCPUs,EBS only,Up to 16.66 Gigabit,,,,,
C8GB Metal-24xl,c8gb.metal-24xl,"2,861,827.396",Compute optimized,301.0 fps,192 GiB,96 vCPUs,EBS only,200 Gigabit,,,,,
C8GB Metal-48xl,c8gb.metal-48xl,"3,725,261.932",Compute optimized,254.0 fps,384 GiB,192 vCPUs,EBS only,400 Gigabit,,,,,
C8GB Extra Large,c8gb.xlarge,"120,681.852",Compute optimized,46.0 fps,8 GiB,4 vCPUs,EBS only,Up to 26.66 Gigabit,,,,,
C8GD 12xlarge Extra Large,c8gd.12xlarge,,Compute optimized,,96 GiB,48 vCPUs,2850 GB (3×950 GB NVMe SSD),22.5 Gigabit,,,,,
C8GD 16xlarge Extra Large,c8gd.16xlarge,,Compute optimized,,128 GiB,64 vCPUs,3800 GB (2×1900 GB NVMe SSD),30 Gigabit,,,,,
C8GD 24xlarge,c8gd.24xlarge,,Compute optimized,,192 GiB,96 vCPUs,5700 GB (3×1900 GB NVMe SSD),40 Gigabit,,,,,
C8GD Double Extra Large,c8gd.2xlarge,,Compute optimized,,16 GiB,8 vCPUs,474 GB NVMe SSD,Up to 15 Gigabit,,,,,
C8GD 48xlarge,c8gd.48xlarge,,Compute optimized,,384 GiB,192 vCPUs,11400 GB (6×1900 GB NVMe SSD),50 Gigabit,,,,,
C8GD Quadruple Extra Large,c8gd.4xlarge,,Compute optimized,,32 GiB,16 vCPUs,950 GB NVMe SSD,Up to 15 Gigabit,,,,,
C8GD Eight Extra Large,c8gd.8xlarge,,Compute optimized,,64 GiB,32 vCPUs,1900 GB NVMe SSD,15 Gigabit,,,,,
C8GD Large,c8gd.large,,Compute optimized,,4 GiB,2 vCPUs,118 GB NVMe SSD,Up to 12.5 Gigabit,,,,,
C8GD Medium,c8gd.medium,,Compute optimized,,2 GiB,1 vCPUs,59 GB NVMe SSD,Up to 12.5 Gigabit,,,,,
C8GD Metal-24xl,c8gd.metal-24xl,,Compute optimized,,192 GiB,96 vCPUs,5700 GB (3×1900 GB NVMe SSD),40 Gigabit,,,,,
C8GD Metal-48xl,c8gd.metal-48xl,,Compute optimized,,384 GiB,192 vCPUs,11400 GB (6×1900 GB NVMe SSD),50 Gigabit,,,,,
C8GD Extra Large,c8gd.xlarge,,Compute optimized,,8 GiB,4 vCPUs,237 GB NVMe SSD,Up to 12.5 Gigabit,,,,,
C8GN 12xlarge Extra Large,c8gn.12xlarge,"1,393,020.387",Compute optimized,290.0 fps,96 GiB,48 vCPUs,EBS only,150 Gigabit,$3.5549 hourly,,$0.8465 hourly,,
C8GN 16xlarge Extra Large,c8gn.16xlarge,"1,838,816.262",Compute optimized,297.0 fps,128 GiB,64 vCPUs,EBS only,200 Gigabit,$4.7398 hourly,,$0.8501 hourly,,
C8GN 24xlarge,c8gn.24xlarge,"2,892,219.628",Compute optimized,297.0 fps,192 GiB,96 vCPUs,EBS only,300 Gigabit,$7.1098 hourly,,$1.2515 hourly,,
C8GN Double Extra Large,c8gn.2xlarge,"236,756.437",Compute optimized,88.0 fps,16 GiB,8 vCPUs,EBS only,Up to 50 Gigabit,$0.5925 hourly,,$0.1238 hourly,,
C8GN 48xlarge,c8gn.48xlarge,"5,220,228.385",Compute optimized,274.0 fps,384 GiB,192 vCPUs,EBS only,600 Gigabit,$14.2195 hourly,,$2.6664 hourly,,
C8GN Quadruple Extra Large,c8gn.4xlarge,"470,726.684",Compute optimized,157.0 fps,32 GiB,16 vCPUs,EBS only,50 Gigabit,$1.185 hourly,,$0.2944 hourly,,
C8GN Eight Extra Large,c8gn.8xlarge,"975,386.726",Compute optimized,252.0 fps,64 GiB,32 vCPUs,EBS only,100 Gigabit,$2.3699 hourly,,$0.4725 hourly,,
C8GN Large,c8gn.large,"60,656.608",Compute optimized,,4 GiB,2 vCPUs,EBS only,Up to 30 Gigabit,$0.1481 hourly,,$0.026 hourly,,
C8GN Medium,c8gn.medium,"29,202.765",Compute optimized,,2 GiB,1 vCPUs,EBS only,Up to 25 Gigabit,$0.0741 hourly,,$0.013 hourly,,
C8GN Metal-24xl,c8gn.metal-24xl,,Compute optimized,,192 GiB,96 vCPUs,EBS only,300 Gigabit,,,,,
C8GN Metal-48xl,c8gn.metal-48xl,,Compute optimized,,384 GiB,192 vCPUs,EBS only,600 Gigabit,,,,,
C8GN Extra Large,c8gn.xlarge,"122,165.381",Compute optimized,46.0 fps,8 GiB,4 vCPUs,EBS only,Up to 40 Gigabit,$0.2962 hourly,,$0.0646 hourly,,
C8I-FLEX 12xlarge Extra Large,c8i-flex.12xlarge,"1,172,686.184",Compute optimized,266.0 fps,96 GiB,48 vCPUs,EBS only,Up to 22.5 Gigabit,$2.6645 hourly,,$0.6138 hourly,$4.7621 hourly,
C8I-FLEX 16xlarge Extra Large,c8i-flex.16xlarge,"1,565,493.905",Compute optimized,274.0 fps,128 GiB,64 vCPUs,EBS only,Up to 30 Gigabit,$3.5526 hourly,,$0.5241 hourly,$6.3494 hourly,
C8I-FLEX Double Extra Large,c8i-flex.2xlarge,"188,065.666",Compute optimized,76.0 fps,16 GiB,8 vCPUs,EBS only,Up to 15 Gigabit,$0.4441 hourly,,$0.1454 hourly,$0.7937 hourly,
C8I-FLEX Quadruple Extra Large,c8i-flex.4xlarge,"366,244.468",Compute optimized,141.0 fps,32 GiB,16 vCPUs,EBS only,Up to 15 Gigabit,$0.8882 hourly,,$0.3235 hourly,$1.5874 hourly,
C8I-FLEX Eight Extra Large,c8i-flex.8xlarge,"771,921.361",Compute optimized,232.0 fps,64 GiB,32 vCPUs,EBS only,Up to 15 Gigabit,$1.7763 hourly,,$0.6531 hourly,$3.1747 hourly,
C8I-FLEX Large,c8i-flex.large,"48,504.446",Compute optimized,,4 GiB,2 vCPUs,EBS only,Up to 12.5 Gigabit,$0.111 hourly,,$0.0254 hourly,$0.1984 hourly,
C8I-FLEX Extra Large,c8i-flex.xlarge,"95,085.28",Compute optimized,39.0 fps,8 GiB,4 vCPUs,EBS only,Up to 12.5 Gigabit,$0.222 hourly,,$0.0742 hourly,$0.3968 hourly,
C8I 12xlarge Extra Large,c8i.12xlarge,"1,138,114.997",Compute optimized,282.0 fps,96 GiB,48 vCPUs,EBS only,22.5 Gigabit,$2.8046 hourly,,$0.743 hourly,$5.0126 hourly,
C8I 16xlarge Extra Large,c8i.16xlarge,"1,583,570.457",Compute optimized,251.0 fps,128 GiB,64 vCPUs,EBS only,30 Gigabit,$3.7395 hourly,,$0.878 hourly,$6.6835 hourly,
C8I 24xlarge,c8i.24xlarge,"2,265,486.726",Compute optimized,309.0 fps,192 GiB,96 vCPUs,EBS only,40 Gigabit,$5.6093 hourly,,$1.0805 hourly,$10.0253 hourly,
C8I Double Extra Large,c8i.2xlarge,"189,588.435",Compute optimized,75.0 fps,16 GiB,8 vCPUs,EBS only,Up to 15 Gigabit,$0.4674 hourly,,$0.1105 hourly,$0.8354 hourly,
C8I 32xlarge,c8i.32xlarge,"3,001,876.173",Compute optimized,335.0 fps,256 GiB,128 vCPUs,EBS only,50 Gigabit,$7.479 hourly,,$1.3635 hourly,$13.367 hourly,
C8I 48xlarge,c8i.48xlarge,"4,448,821.178",Compute optimized,311.0 fps,384 GiB,192 vCPUs,EBS only,75 Gigabit,$11.2186 hourly,,$1.1219 hourly,$20.0506 hourly,
C8I Quadruple Extra Large,c8i.4xlarge,"386,706.949",Compute optimized,143.0 fps,32 GiB,16 vCPUs,EBS only,Up to 15 Gigabit,$0.9349 hourly,,$0.3281 hourly,$1.6709 hourly,
C8I Eight Extra Large,c8i.8xlarge,"761,814.07",Compute optimized,242.0 fps,64 GiB,32 vCPUs,EBS only,15 Gigabit,$1.8698 hourly,,$0.5499 hourly,$3.3418 hourly,
C8I 96xlarge,c8i.96xlarge,"8,808,854.734",Compute optimized,312.0 fps,768 GiB,384 vCPUs,EBS only,100 Gigabit,$22.4371 hourly,,$2.2437 hourly,$40.1011 hourly,
C8I Large,c8i.large,"42,900.043",Compute optimized,,4 GiB,2 vCPUs,EBS only,Up to 12.5 Gigabit,$0.1169 hourly,,$0.038 hourly,$0.2089 hourly,
C8I Metal-48xl,c8i.metal-48xl,"4,532,845.423",Compute optimized,292.0 fps,384 GiB,192 vCPUs,EBS only,75 Gigabit,$11.2186 hourly,,$1.1219 hourly,$20.0506 hourly,
C8I Metal-96xl,c8i.metal-96xl,"9,151,572.927",Compute optimized,277.0 fps,768 GiB,384 vCPUs,EBS only,100 Gigabit,$22.4371 hourly,,$2.2437 hourly,$40.1011 hourly,
C8I Extra Large,c8i.xlarge,"94,311.818",Compute optimized,40.0 fps,8 GiB,4 vCPUs,EBS only,Up to 12.5 Gigabit,$0.2337 hourly,,$0.0842 hourly,$0.4177 hourly,
C8IB 12xlarge Extra Large,c8ib.12xlarge,,Compute optimized,,96 GiB,48 vCPUs,EBS only,50 Gigabit,,,,,
C8IB 16xlarge Extra Large,c8ib.16xlarge,,Compute optimized,,128 GiB,64 vCPUs,EBS only,66.66 Gigabit,,,,,
C8IB 24xlarge,c8ib.24xlarge,,Compute optimized,,192 GiB,96 vCPUs,EBS only,100 Gigabit,,,,,
C8IB Double Extra Large,c8ib.2xlarge,,Compute optimized,,16 GiB,8 vCPUs,EBS only,Up to 26.66 Gigabit,,,,,
C8IB 32xlarge,c8ib.32xlarge,,Compute optimized,,256 GiB,128 vCPUs,EBS only,133.33 Gigabit,,,,,
C8IB 48xlarge,c8ib.48xlarge,,Compute optimized,,384 GiB,192 vCPUs,EBS only,200 Gigabit,,,,,
C8IB Quadruple Extra Large,c8ib.4xlarge,,Compute optimized,,32 GiB,16 vCPUs,EBS only,Up to 33.33 Gigabit,,,,,
C8IB Eight Extra Large,c8ib.8xlarge,,Compute optimized,,64 GiB,32 vCPUs,EBS only,33.33 Gigabit,,,,,
C8IB 96xlarge,c8ib.96xlarge,,Compute optimized,,768 GiB,384 vCPUs,EBS only,400 Gigabit,,,,,
C8IB Large,c8ib.large,,Compute optimized,,4 GiB,2 vCPUs,EBS only,Up to 16.66 Gigabit,,,,,
C8IB Metal-48xl,c8ib.metal-48xl,,Compute optimized,,384 GiB,192 vCPUs,EBS only,200 Gigabit,,,,,
C8IB Metal-96xl,c8ib.metal-96xl,,Compute optimized,,768 GiB,384 vCPUs,EBS only,400 Gigabit,,,,,
C8IB Extra Large,c8ib.xlarge,,Compute optimized,,8 GiB,4 vCPUs,EBS only,Up to 20 Gigabit,,,,,
C8ID 12xlarge Extra Large,c8id.12xlarge,,Compute optimized,,96 GiB,48 vCPUs,2850 GB NVMe SSD,22.5 Gigabit,,,,,
C8ID 16xlarge Extra Large,c8id.16xlarge,,Compute optimized,,128 GiB,64 vCPUs,3800 GB NVMe SSD,30 Gigabit,,,,,
C8ID 24xlarge,c8id.24xlarge,,Compute optimized,,192 GiB,96 vCPUs,5700 GB (2×2850 GB NVMe SSD),40 Gigabit,,,,,
C8ID Double Extra Large,c8id.2xlarge,,Compute optimized,,16 GiB,8 vCPUs,474 GB NVMe SSD,Up to 15 Gigabit,,,,,
C8ID 32xlarge,c8id.32xlarge,,Compute optimized,,256 GiB,128 vCPUs,7600 GB (2×3800 GB NVMe SSD),50 Gigabit,,,,,
C8ID 48xlarge,c8id.48xlarge,,Compute optimized,,384 GiB,192 vCPUs,11400 GB (3×3800 GB NVMe SSD),75 Gigabit,,,,,
C8ID Quadruple Extra Large,c8id.4xlarge,,Compute optimized,,32 GiB,16 vCPUs,950 GB NVMe SSD,Up to 15 Gigabit,,,,,
C8ID Eight Extra Large,c8id.8xlarge,,Compute optimized,,64 GiB,32 vCPUs,1900 GB NVMe SSD,15 Gigabit,,,,,
C8ID 96xlarge,c8id.96xlarge,,Compute optimized,,768 GiB,384 vCPUs,22800 GB (6×3800 GB NVMe SSD),100 Gigabit,,,,,
C8ID Large,c8id.large,,Compute optimized,,4 GiB,2 vCPUs,118 GB NVMe SSD,Up to 12.5 Gigabit,,,,,
C8ID Metal-48xl,c8id.metal-48xl,,Compute optimized,,384 GiB,192 vCPUs,11400 GB (3×3800 GB NVMe SSD),75 Gigabit,,,,,
C8ID Metal-96xl,c8id.metal-96xl,,Compute optimized,,768 GiB,384 vCPUs,22800 GB (6×3800 GB NVMe SSD),100 Gigabit,,,,,
C8ID Extra Large,c8id.xlarge,,Compute optimized,,8 GiB,4 vCPUs,237 GB NVMe SSD,Up to 12.5 Gigabit,,,,,
C8IN 12xlarge Extra Large,c8in.12xlarge,,Compute optimized,,96 GiB,48 vCPUs,EBS only,75 Gigabit,,,,,
C8IN 16xlarge Extra Large,c8in.16xlarge,,Compute optimized,,128 GiB,64 vCPUs,EBS only,100 Gigabit,,,,,
C8IN 24xlarge,c8in.24xlarge,,Compute optimized,,192 GiB,96 vCPUs,EBS only,150 Gigabit,,,,,
C8IN Double Extra Large,c8in.2xlarge,,Compute optimized,,16 GiB,8 vCPUs,EBS only,Up to 40 Gigabit,,,,,
C8IN 32xlarge,c8in.32xlarge,,Compute optimized,,256 GiB,128 vCPUs,EBS only,200 Gigabit,,,,,
C8IN 48xlarge,c8in.48xlarge,,Compute optimized,,384 GiB,192 vCPUs,EBS only,300 Gigabit,,,,,
C8IN Quadruple Extra Large,c8in.4xlarge,,Compute optimized,,32 GiB,16 vCPUs,EBS only,Up to 50 Gigabit,,,,,
C8IN Eight Extra Large,c8in.8xlarge,,Compute optimized,,64 GiB,32 vCPUs,EBS only,50 Gigabit,,,,,
C8IN 96xlarge,c8in.96xlarge,,Compute optimized,,768 GiB,384 vCPUs,EBS only,600 Gigabit,,,,,
C8IN Large,c8in.large,,Compute optimized,,4 GiB,2 vCPUs,EBS only,Up to 25 Gigabit,,,,,
C8IN Metal-48xl,c8in.metal-48xl,,Compute optimized,,384 GiB,192 vCPUs,EBS only,300 Gigabit,,,,,
C8IN Metal-96xl,c8in.metal-96xl,,Compute optimized,,768 GiB,384 vCPUs,EBS only,600 Gigabit,,,,,
C8IN Extra Large,c8in.xlarge,,Compute optimized,,8 GiB,4 vCPUs,EBS only,Up to 30 Gigabit,,,,,
C8INE 12xlarge Extra Large,c8ine.12xlarge,"1,178,203.24",Compute optimized,109.0 fps,96 GiB,48 vCPUs,EBS only,75 Gigabit,,,,,
C8INE Double Extra Large,c8ine.2xlarge,"198,626.169",Compute optimized,74.0 fps,16 GiB,8 vCPUs,EBS only,12.5 Gigabit,,,,,
C8INE Quadruple Extra Large,c8ine.4xlarge,"391,453.27",Compute optimized,134.0 fps,32 GiB,16 vCPUs,EBS only,25 Gigabit,,,,,
C8INE Eight Extra Large,c8ine.8xlarge,"796,812.749",Compute optimized,231.0 fps,64 GiB,32 vCPUs,EBS only,50 Gigabit,,,,,
C8INE Large,c8ine.large,"47,630.388",Compute optimized,,4 GiB,2 vCPUs,EBS only,3.125 Gigabit,,,,,
C8INE Extra Large,c8ine.xlarge,"92,823.577",Compute optimized,40.0 fps,8 GiB,4 vCPUs,EBS only,6.25 Gigabit,,,,,
Cluster Compute Eight Extra Large,cc2.8xlarge,,Compute optimized,,60.5 GiB,32 vCPUs,EBS only,10 Gigabit,,,,,
High Memory Cluster Eight Extra Large,cr1.8xlarge,,Memory optimized,,244 GiB,32 vCPUs,EBS only,10 Gigabit,,,,,
D2 Double Extra Large,d2.2xlarge,"116,510.51",Storage optimized,44.0 fps,61 GiB,8 vCPUs,12288 GB (6×2048 GB HDD),High,$1.563 hourly,$0.983 hourly,$0.276 hourly,$1.931 hourly,$1.351 hourly
D2 Quadruple Extra Large,d2.4xlarge,"232,998.398",Storage optimized,82.0 fps,122 GiB,16 vCPUs,24576 GB (12×2048 GB HDD),High,$3.125 hourly,$1.966 hourly,$0.5542 hourly,$3.861 hourly,$2.702 hourly
D2 Eight Extra Large,d2.8xlarge,"543,204.909",Storage optimized,141.0 fps,244 GiB,36 vCPUs,49152 GB (24×2048 GB HDD),10 Gigabit,$6.25 hourly,$3.931 hourly,$1.1035 hourly,$7.906 hourly,$5.587 hourly
D2 Extra Large,d2.xlarge,"58,190.282",Storage optimized,23.0 fps,30.5 GiB,4 vCPUs,6144 GB (3×2048 GB HDD),Moderate,$0.781 hourly,$0.491 hourly,$0.1392 hourly,$0.965 hourly,$0.675 hourly
D3 Double Extra Large,d3.2xlarge,"118,606.375",Storage optimized,46.0 fps,64 GiB,8 vCPUs,11880 GB (6×1980 GB NVMe HDD),Up to 15 Gigabit,,,,,
D3 Quadruple Extra Large,d3.4xlarge,"227,563.647",Storage optimized,78.0 fps,128 GiB,16 vCPUs,23760 GB (12×1980 GB NVMe HDD),Up to 15 Gigabit,,,,,
D3 Eight Extra Large,d3.8xlarge,"468,087.181",Storage optimized,134.0 fps,256 GiB,32 vCPUs,47520 GB (24×1980 GB NVMe HDD),25 Gigabit,,,,,
D3 Extra Large,d3.xlarge,"55,891.942",Storage optimized,24.0 fps,32 GiB,4 vCPUs,5940 GB (3×1980 GB NVMe HDD),Up to 15 Gigabit,,,,,
D3EN 12xlarge Extra Large,d3en.12xlarge,"691,476.591",Storage optimized,157.0 fps,192 GiB,48 vCPUs,335520 GB (24×13980 GB NVMe HDD),75 Gigabit,,,,,
D3EN Double Extra Large,d3en.2xlarge,"118,688.492",Storage optimized,42.0 fps,32 GiB,8 vCPUs,55920 GB (4×13980 GB NVMe HDD),Up to 25 Gigabit,,,,,
D3EN Quadruple Extra Large,d3en.4xlarge,"250,849.229",Storage optimized,90.0 fps,64 GiB,16 vCPUs,111840 GB (8×13980 GB NVMe HDD),25 Gigabit,,,,,
D3EN 6xlarge,d3en.6xlarge,"351,528.171",Storage optimized,127.0 fps,96 GiB,24 vCPUs,167760 GB (12×13980 GB NVMe HDD),40 Gigabit,,,,,
D3EN Eight Extra Large,d3en.8xlarge,"481,685.901",Storage optimized,150.0 fps,128 GiB,32 vCPUs,223680 GB (16×13980 GB NVMe HDD),50 Gigabit,,,,,
D3EN Large,d3en.large,,Storage optimized,,8 GiB,2 vCPUs,EBS only,Up to 25 Gigabit,,,,,
D3EN Extra Large,d3en.xlarge,"58,751.53",Storage optimized,20.0 fps,16 GiB,4 vCPUs,27960 GB (2×13980 GB NVMe HDD),Up to 25 Gigabit,,,,,
DL1 24xlarge,dl1.24xlarge,"1,593,162.677",Machine Learning ASIC Instances,198.0 fps,768 GiB,96 vCPUs,4000 GB (4×1000 GB NVMe SSD),4x 100 Gigabit,,,,,
DL2Q 24xlarge,dl2q.24xlarge,"1,295,313.484",Machine Learning ASIC Instances,179.0 fps,768 GiB,96 vCPUs,EBS only,100 Gigabit,,,,,
F1 16xlarge Extra Large,f1.16xlarge,,FPGA Instances,,976 GiB,64 vCPUs,EBS only,25 Gigabit,,,,,
F1 Double Extra Large,f1.2xlarge,,FPGA Instances,,122 GiB,8 vCPUs,EBS only,Up to 10 Gigabit,,,,,
F1 Quadruple Extra Large,f1.4xlarge,,FPGA Instances,,244 GiB,16 vCPUs,EBS only,10 Gigabit,,,,,
F2 12xlarge Extra Large,f2.12xlarge,"951,908.775",FPGA Instances,202.0 fps,512 GiB,48 vCPUs,1880 GB (2×940 GB NVMe SSD),25 Gigabit,,,,,
F2 48xlarge,f2.48xlarge,,FPGA Instances,,2048 GiB,192 vCPUs,7520 GB (8×940 GB NVMe SSD),100 Gigabit,,,,,
F2 6xlarge,f2.6xlarge,"485,829.96",FPGA Instances,166.0 fps,256 GiB,24 vCPUs,940 GB NVMe SSD,12.5 Gigabit,,,,,
G2 Double Extra Large,g2.2xlarge,,GPU instance,,15 GiB,8 vCPUs,EBS only,Moderate,$0.702 hourly,,,$0.819 hourly,
G2 Eight Extra Large,g2.8xlarge,,GPU instance,,60 GiB,32 vCPUs,EBS only,High,$2.808 hourly,,,$3.086 hourly,
G3 Graphics GPU 16xlarge Extra Large,g3.16xlarge,,GPU instance,,488 GiB,64 vCPUs,EBS only,20 Gigabit,$6.136 hourly,,,$9.08 hourly,
G3 Graphics GPU Quadruple Extra Large,g3.4xlarge,,GPU instance,,122 GiB,16 vCPUs,EBS only,Up to 10 Gigabit,$1.534 hourly,,,$2.27 hourly,
G3 Graphics GPU Eight Extra Large,g3.8xlarge,,GPU instance,,244 GiB,32 vCPUs,EBS only,10 Gigabit,$3.068 hourly,,,$4.54 hourly,
G3S Extra Large,g3s.xlarge,,GPU instance,,30.5 GiB,4 vCPUs,EBS only,10 Gigabit,,,,,
G4AD 16xlarge Extra Large,g4ad.16xlarge,"1,251,099.599",GPU instance,175.0 fps,256 GiB,64 vCPUs,2400 GB (2×1200 GB NVMe SSD),25 Gigabit,,,,,
G4AD Double Extra Large,g4ad.2xlarge,"149,300.156",GPU instance,53.0 fps,32 GiB,8 vCPUs,300 GB NVMe SSD,Up to 10 Gigabit,,,,,
G4AD Quadruple Extra Large,g4ad.4xlarge,"301,744.46",GPU instance,100.0 fps,64 GiB,16 vCPUs,600 GB NVMe SSD,Up to 10 Gigabit,,,,,
G4AD Eight Extra Large,g4ad.8xlarge,"609,911.055",GPU instance,151.0 fps,128 GiB,32 vCPUs,1200 GB NVMe SSD,15 Gigabit,,,,,
G4AD Extra Large,g4ad.xlarge,"74,710.497",GPU instance,28.0 fps,16 GiB,4 vCPUs,150 GB NVMe SSD,Up to 10 Gigabit,,,,,
G4DN 12xlarge Extra Large,g4dn.12xlarge,"715,776.916",GPU instance,110.0 fps,192 GiB,48 vCPUs,900 GB NVMe SSD,50 Gigabit,$4.694 hourly,$3.303 hourly,$1.6831 hourly,$6.902 hourly,$5.511 hourly
G4DN 16xlarge Extra Large,g4dn.16xlarge,"914,808.462",GPU instance,105.0 fps,256 GiB,64 vCPUs,900 GB NVMe SSD,50 Gigabit,$5.222 hourly,$3.674 hourly,$0.7564 hourly,$8.166 hourly,$6.618 hourly
G4DN Double Extra Large,g4dn.2xlarge,"116,228.389",GPU instance,105.0 fps,32 GiB,8 vCPUs,225 GB NVMe SSD,Up to 25 Gigabit,$0.902 hourly,$0.635 hourly,$0.4838 hourly,$1.27 hourly,$1.003 hourly
G4DN Quadruple Extra Large,g4dn.4xlarge,"230,991.338",GPU instance,106.0 fps,64 GiB,16 vCPUs,225 GB NVMe SSD,Up to 25 Gigabit,$1.445 hourly,$1.016 hourly,$0.7691 hourly,$2.181 hourly,$1.752 hourly
G4DN Eight Extra Large,g4dn.8xlarge,"458,343.28",GPU instance,105.0 fps,128 GiB,32 vCPUs,900 GB NVMe SSD,50 Gigabit,$2.611 hourly,$1.837 hourly,$0.8916 hourly,$4.083 hourly,$3.309 hourly
G4DN Metal,g4dn.metal,"1,287,380.984",GPU instance,103.0 fps,384 GiB,96 vCPUs,1800 GB (2×900 GB NVMe SSD),100 Gigabit,$9.389 hourly,$6.605 hourly,$3.9263 hourly,$13.805 hourly,$11.021 hourly
G4DN Extra Large,g4dn.xlarge,"55,463.117",GPU instance,105.0 fps,16 GiB,4 vCPUs,125 GB NVMe SSD,Up to 25 Gigabit,$0.631 hourly,$0.444 hourly,$0.3218 hourly,$0.815 hourly,$0.628 hourly
G5 Graphics and Machine Learning GPU 12xlarge Extra Large,g5.12xlarge,"895,146.627",GPU instance,109.0 fps,192 GiB,48 vCPUs,3800 GB NVMe SSD,40 Gigabit,,,,,
G5 Graphics and Machine Learning GPU 16xlarge Extra Large,g5.16xlarge,"1,246,915.184",GPU instance,113.0 fps,256 GiB,64 vCPUs,1900 GB NVMe SSD,25 Gigabit,,,,,
G5 Graphics and Machine Learning GPU 24xlarge,g5.24xlarge,"1,613,987.895",GPU instance,111.0 fps,384 GiB,96 vCPUs,3800 GB NVMe SSD,50 Gigabit,,,,,
G5 Graphics and Machine Learning GPU Double Extra Large,g5.2xlarge,"144,423.884",GPU instance,114.0 fps,32 GiB,8 vCPUs,450 GB NVMe SSD,Up to 10 Gigabit,,,,,
G5 Graphics and Machine Learning GPU 48xlarge,g5.48xlarge,"3,614,457.831",GPU instance,110.0 fps,768 GiB,192 vCPUs,7600 GB (2×3800 GB NVMe SSD),100 Gigabit,,,,,
G5 Graphics and Machine Learning GPU Quadruple Extra Large,g5.4xlarge,"312,479.656",GPU instance,111.0 fps,64 GiB,16 vCPUs,600 GB NVMe SSD,Up to 25 Gigabit,,,,,
G5 Graphics and Machine Learning GPU Eight Extra Large,g5.8xlarge,"621,902.633",GPU instance,111.0 fps,128 GiB,32 vCPUs,900 GB NVMe SSD,25 Gigabit,,,,,
G5 Graphics and Machine Learning GPU Extra Large,g5.xlarge,"69,633.842",GPU instance,115.0 fps,16 GiB,4 vCPUs,250 GB NVMe SSD,Up to 10 Gigabit,,,,,
G5G 16xlarge Extra Large,g5g.16xlarge,"1,283,422.46",GPU instance,100.0 fps,128 GiB,64 vCPUs,EBS only,25 Gigabit,,,,,
G5G Double Extra Large,g5g.2xlarge,"157,801.302",GPU instance,99.0 fps,16 GiB,8 vCPUs,EBS only,Up to 10 Gigabit,,,,,
G5G Quadruple Extra Large,g5g.4xlarge,"314,877.985",GPU instance,99.0 fps,32 GiB,16 vCPUs,EBS only,Up to 10 Gigabit,,,,,
G5G Eight Extra Large,g5g.8xlarge,"622,245.268",GPU instance,100.0 fps,64 GiB,32 vCPUs,EBS only,12 Gigabit,,,,,
G5G Metal,g5g.metal,"1,262,202.939",GPU instance,178.0 fps,128 GiB,64 vCPUs,EBS only,25 Gigabit,,,,,
G5G Extra Large,g5g.xlarge,"77,504.36",GPU instance,99.0 fps,8 GiB,4 vCPUs,EBS only,Up to 10 Gigabit,,,,,
G6 Graphics and Machine Learning GPU 12xlarge Extra Large,g6.12xlarge,"1,056,861.342",GPU instance,138.0 fps,192 GiB,48 vCPUs,3760 GB (4×940 GB NVMe SSD),40 Gigabit,,,,,
G6 Graphics and Machine Learning GPU 16xlarge Extra Large,g6.16xlarge,"1,380,872.755",GPU instance,134.0 fps,256 GiB,64 vCPUs,1880 GB (2×940 GB NVMe SSD),25 Gigabit,,,,,
G6 Graphics and Machine Learning GPU 24xlarge,g6.24xlarge,"1,884,200.196",GPU instance,134.0 fps,384 GiB,96 vCPUs,3760 GB (4×940 GB NVMe SSD),50 Gigabit,,,,,
G6 Graphics and Machine Learning GPU Double Extra Large,g6.2xlarge,"167,346.512",GPU instance,133.0 fps,32 GiB,8 vCPUs,450 GB NVMe SSD,Up to 10 Gigabit,,,,,
G6 Graphics and Machine Learning GPU 48xlarge,g6.48xlarge,"3,842,689.883",GPU instance,131.0 fps,768 GiB,192 vCPUs,7520 GB (8×940 GB NVMe SSD),100 Gigabit,,,,,
G6 Graphics and Machine Learning GPU Quadruple Extra Large,g6.4xlarge,"332,519.354",GPU instance,133.0 fps,64 GiB,16 vCPUs,600 GB NVMe SSD,Up to 25 Gigabit,,,,,
G6 Graphics and Machine Learning GPU Eight Extra Large,g6.8xlarge,"689,915.378",GPU instance,135.0 fps,128 GiB,32 vCPUs,900 GB (2×450 GB NVMe SSD),25 Gigabit,,,,,
G6 Graphics and Machine Learning GPU Extra Large,g6.xlarge,"83,813.515",GPU instance,134.0 fps,16 GiB,4 vCPUs,250 GB NVMe SSD,Up to 10 Gigabit,,,,,
G6e Graphics and Machine Learning GPU 12xlarge Extra Large,g6e.12xlarge,"1,061,946.903",GPU instance,143.0 fps,384 GiB,48 vCPUs,3800 GB (2×1900 GB NVMe SSD),100 Gigabit,,,,,
G6e Graphics and Machine Learning GPU 16xlarge Extra Large,g6e.16xlarge,"1,347,368.421",GPU instance,129.0 fps,512 GiB,64 vCPUs,1900 GB (2×950 GB NVMe SSD),35 Gigabit,,,,,
G6e Graphics and Machine Learning GPU 24xlarge,g6e.24xlarge,"1,793,470.646",GPU instance,144.0 fps,768 GiB,96 vCPUs,3800 GB (2×1900 GB NVMe SSD),200 Gigabit,,,,,
G6e Graphics and Machine Learning GPU Double Extra Large,g6e.2xlarge,"163,968.026",GPU instance,143.0 fps,64 GiB,8 vCPUs,450 GB NVMe SSD,Up to 20 Gigabit,,,,,
G6e Graphics and Machine Learning GPU 48xlarge,g6e.48xlarge,"3,635,502.959",GPU instance,142.0 fps,1536 GiB,192 vCPUs,7600 GB (4×1900 GB NVMe SSD),400 Gigabit,,,,,
G6e Graphics and Machine Learning GPU Quadruple Extra Large,g6e.4xlarge,"343,366.06",GPU instance,143.0 fps,128 GiB,16 vCPUs,600 GB NVMe SSD,20 Gigabit,,,,,
G6e Graphics and Machine Learning GPU Eight Extra Large,g6e.8xlarge,"692,715.662",GPU instance,110.0 fps,256 GiB,32 vCPUs,900 GB (2×450 GB NVMe SSD),25 Gigabit,,,,,
G6e Graphics and Machine Learning GPU Extra Large,g6e.xlarge,"79,400.526",GPU instance,146.0 fps,32 GiB,4 vCPUs,250 GB NVMe SSD,Up to 20 Gigabit,,,,,
G6F Double Extra Large,g6f.2xlarge,"174,083.342",GPU instance,66.0 fps,32 GiB,8 vCPUs,200 GB NVMe SSD,Up to 10 Gigabit,,,,,
G6F Quadruple Extra Large,g6f.4xlarge,"348,754.836",GPU instance,122.0 fps,64 GiB,16 vCPUs,450 GB NVMe SSD,Up to 25 Gigabit,,,,,
G6F Large,g6f.large,"40,677.277",GPU instance,17.0 fps,8 GiB,2 vCPUs,100 GB NVMe SSD,Up to 10 Gigabit,,,,,
G6F Extra Large,g6f.xlarge,"70,975.469",GPU instance,30.0 fps,16 GiB,4 vCPUs,100 GB NVMe SSD,Up to 10 Gigabit,,,,,
G7E 12xlarge Extra Large,g7e.12xlarge,"1,199,200.533",GPU instance,71.0 fps,512 GiB,48 vCPUs,3800 GB NVMe SSD,400 Gigabit,,,,,
G7E 24xlarge,g7e.24xlarge,"2,040,960.952",GPU instance,161.0 fps,1024 GiB,96 vCPUs,7600 GB (2×3800 GB NVMe SSD),800 Gigabit,,,,,
G7E Double Extra Large,g7e.2xlarge,"219,398.482",GPU instance,118.0 fps,64 GiB,8 vCPUs,1900 GB NVMe SSD,50 Gigabit,,,,,
G7E 48xlarge,g7e.48xlarge,"4,097,019.703",GPU instance,122.0 fps,2048 GiB,192 vCPUs,15200 GB (4×3800 GB NVMe SSD),1600 Gigabit,,,,,
G7E Quadruple Extra Large,g7e.4xlarge,"383,524.43",GPU instance,152.0 fps,128 GiB,16 vCPUs,1900 GB NVMe SSD,50 Gigabit,,,,,
G7E Eight Extra Large,g7e.8xlarge,"852,916.352",GPU instance,153.0 fps,256 GiB,32 vCPUs,1900 GB NVMe SSD,100 Gigabit,,,,,
Gr6 Graphics and Machine Learning GPU High RAM ratio Quadruple Extra Large,gr6.4xlarge,"326,914.236",GPU instance,127.0 fps,128 GiB,16 vCPUs,600 GB NVMe SSD,Up to 25 Gigabit,,,,,
Gr6 Graphics and Machine Learning GPU High RAM ratio Eight Extra Large,gr6.8xlarge,"644,316.923",GPU instance,134.0 fps,256 GiB,32 vCPUs,900 GB (2×450 GB NVMe SSD),25 Gigabit,,,,,
GR6F Quadruple Extra Large,gr6f.4xlarge,"331,434.49",GPU instance,118.0 fps,128 GiB,16 vCPUs,450 GB NVMe SSD,Up to 25 Gigabit,,,,,
H1 16xlarge Extra Large,h1.16xlarge,"1,104,495.642",Storage optimized,211.0 fps,256 GiB,64 vCPUs,16000 GB (8×2000 GB HDD),25 Gigabit,,,,,
H1 Double Extra Large,h1.2xlarge,"119,790.367",Storage optimized,47.0 fps,32 GiB,8 vCPUs,2000 GB HDD,Up to 10 Gigabit,,,,,
H1 Quadruple Extra Large,h1.4xlarge,"271,197.932",Storage optimized,103.0 fps,64 GiB,16 vCPUs,4000 GB (2×2000 GB HDD),Up to 10 Gigabit,,,,,
H1 Eight Extra Large,h1.8xlarge,"559,538.381",Storage optimized,177.0 fps,128 GiB,32 vCPUs,8000 GB (4×2000 GB HDD),10 Gigabit,,,,,
HPC6A 48xlarge,hpc6a.48xlarge,"2,704,225.352",Compute optimized,235.0 fps,384 GiB,96 vCPUs,EBS only,100 Gigabit,,,,,
HPC6ID 32xlarge,hpc6id.32xlarge,"1,644,610.048",Compute optimized,216.0 fps,1024 GiB,64 vCPUs,15200 GB (4×3800 GB NVMe SSD),200 Gigabit,,,,,
HPC7A 12xlarge Extra Large,hpc7a.12xlarge,"777,957.861",Compute optimized,180.0 fps,768 GiB,24 vCPUs,EBS only,300 Gigabit,,,,,
HPC7A 24xlarge,hpc7a.24xlarge,"1,661,187.057",Compute optimized,272.0 fps,768 GiB,48 vCPUs,EBS only,300 Gigabit,,,,,
HPC7A 48xlarge,hpc7a.48xlarge,"3,240,324.032",Compute optimized,305.0 fps,768 GiB,96 vCPUs,EBS only,300 Gigabit,,,,,
HPC7A 96xlarge,hpc7a.96xlarge,"6,797,663.303",Compute optimized,326.0 fps,768 GiB,192 vCPUs,EBS only,300 Gigabit,,,,,
HPC7G 16xlarge Extra Large,hpc7g.16xlarge,"1,576,743.04",Compute optimized,242.0 fps,128 GiB,64 vCPUs,EBS only,200 Gigabit,,,,,
HPC7G Quadruple Extra Large,hpc7g.4xlarge,"405,911.08",Compute optimized,134.0 fps,128 GiB,16 vCPUs,EBS only,200 Gigabit,,,,,
HPC7G Eight Extra Large,hpc7g.8xlarge,"819,304.871",Compute optimized,214.0 fps,128 GiB,32 vCPUs,EBS only,200 Gigabit,,,,,
HPC8A 96xlarge,hpc8a.96xlarge,,General purpose,,768 GiB,192 vCPUs,EBS only,300 Gigabit,,,,,
High Storage Eight Extra Large,hs1.8xlarge,,Storage optimized,,117 GiB,16 vCPUs,EBS only,10 Gigabit,,,,,
I2 Double Extra Large,i2.2xlarge,"127,720.717",Storage optimized,46.0 fps,61 GiB,8 vCPUs,1600 GB (2×800 GB SSD),High,$1.876 hourly,$1.03 hourly,$0.392 hourly,$2.116 hourly,$1.414 hourly
I2 Quadruple Extra Large,i2.4xlarge,"246,583.787",Storage optimized,87.0 fps,122 GiB,16 vCPUs,3200 GB (4×800 GB SSD),High,$3.751 hourly,$2.06 hourly,$0.3751 hourly,$4.232 hourly,$2.827 hourly
I2 Eight Extra Large,i2.8xlarge,"507,533.703",Storage optimized,138.0 fps,244 GiB,32 vCPUs,6400 GB (8×800 GB SSD),10 Gigabit,$7.502 hourly,$4.12 hourly,$0.7502 hourly,$8.464 hourly,$5.654 hourly
I2 Large,i2.large,,Storage optimized,,15 GiB,2 vCPUs,EBS only,Moderate,,,,,
I2 Extra Large,i2.xlarge,"64,906.089",Storage optimized,24.0 fps,30.5 GiB,4 vCPUs,800 GB SSD,Moderate,$0.938 hourly,$0.515 hourly,$0.1648 hourly,$1.058 hourly,$0.706 hourly
I3 High I/O 16xlarge Extra Large,i3.16xlarge,"853,447.126",Storage optimized,132.0 fps,488 GiB,64 vCPUs,15200 GB (8×1900 GB NVMe SSD),25 Gigabit,$5.504 hourly,$3.763 hourly,$1.5926 hourly,$8.448 hourly,$6.707 hourly
I3 High I/O Double Extra Large,i3.2xlarge,"136,083.351",Storage optimized,54.0 fps,61 GiB,8 vCPUs,1900 GB NVMe SSD,Up to 10 Gigabit,$0.688 hourly,$0.47 hourly,$0.463 hourly,$1.056 hourly,$0.838 hourly
I3 High I/O Quadruple Extra Large,i3.4xlarge,"208,831.847",Storage optimized,64.0 fps,122 GiB,16 vCPUs,3800 GB (2×1900 GB NVMe SSD),Up to 10 Gigabit,$1.376 hourly,$0.941 hourly,$0.6278 hourly,$2.112 hourly,$1.677 hourly
I3 High I/O Eight Extra Large,i3.8xlarge,"425,305.688",Storage optimized,113.0 fps,244 GiB,32 vCPUs,7600 GB (4×1900 GB NVMe SSD),10 Gigabit,$2.752 hourly,$1.882 hourly,$0.767 hourly,$4.224 hourly,$3.354 hourly
I3 High I/O Large,i3.large,"30,350.549",Storage optimized,12.0 fps,15.25 GiB,2 vCPUs,475 GB NVMe SSD,Up to 10 Gigabit,$0.172 hourly,$0.118 hourly,$0.0386 hourly,$0.264 hourly,$0.21 hourly
I3 High I/O Metal,i3.metal,,Storage optimized,,488 GiB,64 vCPUs,EBS only,20 Gigabit,$5.504 hourly,,,$8.448 hourly,
I3 High I/O Extra Large,i3.xlarge,"52,721.761",Storage optimized,17.0 fps,30.5 GiB,4 vCPUs,950 GB NVMe SSD,Up to 10 Gigabit,$0.344 hourly,$0.235 hourly,$0.1302 hourly,$0.528 hourly,$0.419 hourly
I3EN 12xlarge Extra Large,i3en.12xlarge,"700,661.736",Storage optimized,156.0 fps,384 GiB,48 vCPUs,30000 GB (4×7500 GB NVMe SSD),50 Gigabit,$6.00 hourly,$4.098 hourly,$1.2206 hourly,$8.208 hourly,$6.306 hourly
I3EN 24xlarge,i3en.24xlarge,"1,364,605.544",Storage optimized,173.0 fps,768 GiB,96 vCPUs,60000 GB (8×7500 GB NVMe SSD),100 Gigabit,$12.00 hourly,$8.196 hourly,$4.0479 hourly,$16.416 hourly,$12.612 hourly
I3EN Double Extra Large,i3en.2xlarge,"127,206.233",Storage optimized,46.0 fps,64 GiB,8 vCPUs,5000 GB (2×2500 GB NVMe SSD),Up to 25 Gigabit,$1.00 hourly,$0.683 hourly,$0.2749 hourly,$1.368 hourly,$1.051 hourly
I3EN 3xlarge,i3en.3xlarge,"184,482.935",Storage optimized,61.0 fps,96 GiB,12 vCPUs,7500 GB NVMe SSD,Up to 25 Gigabit,$1.50 hourly,$1.024 hourly,$0.2929 hourly,$2.052 hourly,$1.576 hourly
I3EN 6xlarge,i3en.6xlarge,"355,625.803",Storage optimized,125.0 fps,192 GiB,24 vCPUs,15000 GB (2×7500 GB NVMe SSD),25 Gigabit,$3.00 hourly,$2.049 hourly,$0.5628 hourly,$4.104 hourly,$3.153 hourly
I3EN Large,i3en.large,"27,121.096",Storage optimized,12.0 fps,16 GiB,2 vCPUs,1250 GB NVMe SSD,Up to 25 Gigabit,$0.25 hourly,$0.171 hourly,$0.0459 hourly,$0.342 hourly,$0.263 hourly
I3EN Metal,i3en.metal,"1,319,950.502",Storage optimized,175.0 fps,768 GiB,96 vCPUs,60000 GB (8×7500 GB NVMe SSD),100 Gigabit,$12.00 hourly,$8.196 hourly,$2.2434 hourly,$16.416 hourly,$12.612 hourly
I3EN Extra Large,i3en.xlarge,"54,859.651",Storage optimized,19.0 fps,32 GiB,4 vCPUs,2500 GB NVMe SSD,Up to 25 Gigabit,$0.50 hourly,$0.341 hourly,$0.1113 hourly,$0.684 hourly,$0.525 hourly
I3P 16xlarge Extra Large,i3p.16xlarge,,Storage optimized,,488 GiB,64 vCPUs,EBS only,20 Gigabit,,,,,
I4G 16xlarge Extra Large,i4g.16xlarge,"1,271,186.441",Storage optimized,176.0 fps,512 GiB,64 vCPUs,15000 GB (4×3750 GB NVMe SSD),37.5 Gigabit,,,,,
I4G Double Extra Large,i4g.2xlarge,"155,018.731",Storage optimized,50.0 fps,64 GiB,8 vCPUs,1875 GB NVMe SSD,Up to 12 Gigabit,,,,,
I4G Quadruple Extra Large,i4g.4xlarge,"311,284.047",Storage optimized,94.0 fps,128 GiB,16 vCPUs,3750 GB NVMe SSD,Up to 25 Gigabit,,,,,
I4G Eight Extra Large,i4g.8xlarge,"642,699.337",Storage optimized,150.0 fps,256 GiB,32 vCPUs,7500 GB (2×3750 GB NVMe SSD),18.75 Gigabit,,,,,
I4G Large,i4g.large,"37,845.339",Storage optimized,12.0 fps,16 GiB,2 vCPUs,468 GB NVMe SSD,Up to 10 Gigabit,,,,,
I4G Extra Large,i4g.xlarge,"78,498.07",Storage optimized,26.0 fps,32 GiB,4 vCPUs,937 GB NVMe SSD,Up to 10 Gigabit,,,,,
I4I 12xlarge Extra Large,i4i.12xlarge,"817,926.216",Storage optimized,219.0 fps,384 GiB,48 vCPUs,11250 GB (3×3750 GB NVMe SSD),28.12 Gigabit,$4.541 hourly,$2.961 hourly,$0.8305 hourly,$6.749 hourly,$5.169 hourly
I4I 16xlarge Extra Large,i4i.16xlarge,"1,102,497.847",Storage optimized,187.0 fps,512 GiB,64 vCPUs,15000 GB (4×3750 GB NVMe SSD),37.5 Gigabit,$6.054 hourly,$3.948 hourly,$1.1153 hourly,$8.998 hourly,$6.892 hourly
I4I 24xlarge,i4i.24xlarge,"1,713,979.646",Storage optimized,237.0 fps,768 GiB,96 vCPUs,22500 GB (6×3750 GB NVMe SSD),56.25 Gigabit,$9.0816 hourly,$5.9218 hourly,$1.0396 hourly,$13.4976 hourly,$10.3378 hourly
I4I Double Extra Large,i4i.2xlarge,"138,864.78",Storage optimized,56.0 fps,64 GiB,8 vCPUs,1875 GB NVMe SSD,Up to 12 Gigabit,$0.757 hourly,$0.493 hourly,$0.2135 hourly,$1.125 hourly,$0.493 hourly
I4I 32xlarge,i4i.32xlarge,"2,201,393.069",Storage optimized,221.0 fps,1024 GiB,128 vCPUs,30000 GB (8×3750 GB NVMe SSD),75 Gigabit,$12.1088 hourly,$7.8957 hourly,$3.1386 hourly,$17.9968 hourly,$13.7837 hourly
I4I Quadruple Extra Large,i4i.4xlarge,"269,269.606",Storage optimized,99.0 fps,128 GiB,16 vCPUs,3750 GB NVMe SSD,Up to 25 Gigabit,$1.514 hourly,$0.987 hourly,$0.3178 hourly,$2.25 hourly,$1.723 hourly
I4I Eight Extra Large,i4i.8xlarge,"552,605.448",Storage optimized,183.0 fps,256 GiB,32 vCPUs,7500 GB (2×3750 GB NVMe SSD),18.75 Gigabit,$3.027 hourly,$1.974 hourly,$0.6499 hourly,$4.499 hourly,$3.446 hourly
I4I Large,i4i.large,"34,048.349",Storage optimized,14.0 fps,16 GiB,2 vCPUs,468 GB NVMe SSD,Up to 10 Gigabit,$0.189 hourly,$0.123 hourly,$0.0394 hourly,$0.281 hourly,$0.123 hourly
I4I Metal,i4i.metal,"2,356,189.6",Storage optimized,259.0 fps,1024 GiB,128 vCPUs,30000 GB (8×3750 GB NVMe SSD),75 Gigabit,$12.109 hourly,$7.896 hourly,$1.2109 hourly,$17.997 hourly,$7.896 hourly
I4I Extra Large,i4i.xlarge,"66,786.326",Storage optimized,28.0 fps,32 GiB,4 vCPUs,937 GB NVMe SSD,Up to 10 Gigabit,$0.378 hourly,$0.247 hourly,$0.1286 hourly,$0.562 hourly,$0.431 hourly
I7I 12xlarge Extra Large,i7i.12xlarge,"1,053,401.609",Storage optimized,236.0 fps,384 GiB,48 vCPUs,11250 GB (3×3750 GB NVMe SSD),Up to 28 Gigabit,$4.9949 hourly,,$0.8969 hourly,$7.2029 hourly,
I7I 16xlarge Extra Large,i7i.16xlarge,"1,403,970.604",Storage optimized,243.0 fps,512 GiB,64 vCPUs,15000 GB (4×3750 GB NVMe SSD),Up to 37.5 Gigabit,$6.6598 hourly,,$1.173 hourly,$9.6038 hourly,
I7I 24xlarge,i7i.24xlarge,"2,061,412.927",Storage optimized,257.0 fps,768 GiB,96 vCPUs,22500 GB (6×3750 GB NVMe SSD),Up to 56.25 Gigabit,$9.9898 hourly,,$1.7528 hourly,$14.4058 hourly,
I7I Double Extra Large,i7i.2xlarge,"158,290.463",Storage optimized,62.0 fps,64 GiB,8 vCPUs,1875 GB NVMe SSD,Up to 12 Gigabit,$0.8325 hourly,,$0.2157 hourly,$1.2005 hourly,
I7I 48xlarge,i7i.48xlarge,"3,889,526.639",Storage optimized,278.0 fps,1536 GiB,192 vCPUs,45000 GB (12×3750 GB NVMe SSD),Up to 100 Gigabit,$19.9795 hourly,,$2.2457 hourly,$28.8115 hourly,
I7I Quadruple Extra Large,i7i.4xlarge,"365,234.264",Storage optimized,126.0 fps,128 GiB,16 vCPUs,3750 GB NVMe SSD,Up to 25 Gigabit,$1.665 hourly,,$0.5135 hourly,$2.401 hourly,
I7I Eight Extra Large,i7i.8xlarge,"804,255.854",Storage optimized,228.0 fps,256 GiB,32 vCPUs,7500 GB (2×3750 GB NVMe SSD),Up to 25 Gigabit,$3.3299 hourly,,$1.1173 hourly,$4.8019 hourly,
I7I Large,i7i.large,"48,531.91",Storage optimized,19.0 fps,16 GiB,2 vCPUs,468 GB NVMe SSD,Up to 10 Gigabit,$0.2081 hourly,,$0.0398 hourly,$0.3001 hourly,
I7I Metal-24xl,i7i.metal-24xl,"2,091,959.032",Storage optimized,270.0 fps,768 GiB,96 vCPUs,22500 GB (6×3750 GB NVMe SSD),Up to 56.25 Gigabit,$9.9898 hourly,,$0.999 hourly,$14.4058 hourly,
I7I Metal-48xl,i7i.metal-48xl,"4,142,394.822",Storage optimized,283.0 fps,1536 GiB,192 vCPUs,45000 GB (12×3750 GB NVMe SSD),Up to 100 Gigabit,$19.9795 hourly,,$1.998 hourly,$28.8115 hourly,
I7I Extra Large,i7i.xlarge,"99,481.865",Storage optimized,38.0 fps,32 GiB,4 vCPUs,937 GB NVMe SSD,Up to 10 Gigabit,$0.4162 hourly,,$0.1074 hourly,$0.6002 hourly,
I7IE 12xlarge Extra Large,i7ie.12xlarge,"1,129,456.057",Storage optimized,243.0 fps,384 GiB,48 vCPUs,30000 GB (4×7500 GB NVMe SSD),Up to 50 Gigabit,$6.90 hourly,,$0.69 hourly,$9.108 hourly,
I7IE 18xlarge,i7ie.18xlarge,"1,694,316.978",Storage optimized,252.0 fps,576 GiB,72 vCPUs,45000 GB (6×7500 GB NVMe SSD),Up to 75 Gigabit,$10.35 hourly,,$1.035 hourly,$13.662 hourly,
I7IE 24xlarge,i7ie.24xlarge,"2,007,178.451",Storage optimized,262.0 fps,768 GiB,96 vCPUs,60000 GB (8×7500 GB NVMe SSD),Up to 100 Gigabit,$13.80 hourly,,$1.38 hourly,$18.216 hourly,
I7IE Double Extra Large,i7ie.2xlarge,"199,277.619",Storage optimized,71.0 fps,64 GiB,8 vCPUs,5000 GB (2×2500 GB NVMe SSD),Up to 25 Gigabit,$1.15 hourly,,$0.224 hourly,$1.518 hourly,
I7IE 3xlarge,i7ie.3xlarge,"270,620.736",Storage optimized,97.0 fps,96 GiB,12 vCPUs,7500 GB NVMe SSD,Up to 25 Gigabit,$1.725 hourly,,$0.3058 hourly,$2.277 hourly,
I7IE 48xlarge,i7ie.48xlarge,"4,036,157.242",Storage optimized,279.0 fps,1536 GiB,192 vCPUs,120000 GB (16×7500 GB NVMe SSD),100 Gigabit,$27.60 hourly,,$5.0028 hourly,$36.432 hourly,
I7IE 6xlarge,i7ie.6xlarge,"646,725.95",Storage optimized,203.0 fps,192 GiB,24 vCPUs,15000 GB (2×7500 GB NVMe SSD),Up to 25 Gigabit,$3.45 hourly,,$0.6277 hourly,$4.554 hourly,
I7IE Large,i7ie.large,"41,528.239",Storage optimized,17.0 fps,16 GiB,2 vCPUs,1250 GB NVMe SSD,Up to 25 Gigabit,$0.2875 hourly,,$0.051 hourly,$0.3795 hourly,
I7IE Metal-24xl,i7ie.metal-24xl,"2,124,520.508",Storage optimized,272.0 fps,768 GiB,96 vCPUs,60000 GB (8×7500 GB NVMe SSD),Up to 100 Gigabit,$13.80 hourly,,$2.2185 hourly,$18.216 hourly,
I7IE Metal-48xl,i7ie.metal-48xl,"4,216,536.73",Storage optimized,284.0 fps,1536 GiB,192 vCPUs,120000 GB (16×7500 GB NVMe SSD),100 Gigabit,$27.60 hourly,,$2.76 hourly,$36.432 hourly,
I7IE Extra Large,i7ie.xlarge,"80,955.272",Storage optimized,33.0 fps,32 GiB,4 vCPUs,2500 GB NVMe SSD,Up to 25 Gigabit,$0.575 hourly,,$0.1023 hourly,$0.759 hourly,
I8G 12xlarge Extra Large,i8g.12xlarge,"1,442,199.354",Storage optimized,293.0 fps,384 GiB,48 vCPUs,11250 GB (3×3750 GB NVMe SSD),Up to 28.12 Gigabit,,,,,
I8G 16xlarge Extra Large,i8g.16xlarge,"1,936,166.994",Storage optimized,295.0 fps,512 GiB,64 vCPUs,15000 GB (4×3750 GB NVMe SSD),Up to 37.5 Gigabit,,,,,
I8G 24xlarge,i8g.24xlarge,"2,969,378.286",Storage optimized,297.0 fps,768 GiB,96 vCPUs,22500 GB (6×3750 GB NVMe SSD),Up to 56.25 Gigabit,,,,,
I8G Double Extra Large,i8g.2xlarge,"247,524.752",Storage optimized,88.0 fps,64 GiB,8 vCPUs,1875 GB NVMe SSD,Up to 12 Gigabit,,,,,
I8G 48xlarge,i8g.48xlarge,"5,308,633.442",Storage optimized,276.0 fps,1536 GiB,192 vCPUs,45000 GB (12×3750 GB NVMe SSD),Up to 100 Gigabit,,,,,
I8G Quadruple Extra Large,i8g.4xlarge,"458,157.348",Storage optimized,159.0 fps,128 GiB,16 vCPUs,3750 GB NVMe SSD,Up to 25 Gigabit,,,,,
I8G Eight Extra Large,i8g.8xlarge,"972,348.83",Storage optimized,257.0 fps,256 GiB,32 vCPUs,7500 GB (2×3750 GB NVMe SSD),Up to 25 Gigabit,,,,,
I8G Large,i8g.large,"61,900.34",Storage optimized,22.0 fps,16 GiB,2 vCPUs,468 GB NVMe SSD,Up to 10 Gigabit,,,,,
I8G Metal-24xl,i8g.metal-24xl,"3,072,245.78",Storage optimized,300.0 fps,768 GiB,96 vCPUs,22500 GB (6×3750 GB NVMe SSD),Up to 56.25 Gigabit,,,,,
I8G Metal-48xl,i8g.metal-48xl,,Storage optimized,,1536 GiB,192 vCPUs,45000 GB (12×3750 GB NVMe SSD),Up to 100 Gigabit,,,,,
I8G Extra Large,i8g.xlarge,"123,743.233",Storage optimized,45.0 fps,32 GiB,4 vCPUs,937 GB NVMe SSD,Up to 10 Gigabit,,,,,
I8GE 12xlarge Extra Large,i8ge.12xlarge,"1,412,491.724",Storage optimized,292.0 fps,384 GiB,48 vCPUs,30000 GB (4×7500 GB NVMe SSD),75 Gigabit,,,,,
I8GE 18xlarge,i8ge.18xlarge,"2,161,026.488",Storage optimized,296.0 fps,576 GiB,72 vCPUs,45000 GB (6×7500 GB NVMe SSD),112.5 Gigabit,,,,,
I8GE 24xlarge,i8ge.24xlarge,"2,777,175.092",Storage optimized,164.0 fps,768 GiB,96 vCPUs,60000 GB (8×7500 GB NVMe SSD),150 Gigabit,,,,,
I8GE Double Extra Large,i8ge.2xlarge,"240,493.011",Storage optimized,87.0 fps,64 GiB,8 vCPUs,5000 GB (2×2500 GB NVMe SSD),Up to 25 Gigabit,,,,,
I8GE 3xlarge,i8ge.3xlarge,"374,707.26",Storage optimized,124.0 fps,96 GiB,12 vCPUs,7500 GB NVMe SSD,Up to 25 Gigabit,,,,,
I8GE 48xlarge,i8ge.48xlarge,"5,487,282.081",Storage optimized,277.0 fps,1536 GiB,192 vCPUs,120000 GB (16×7500 GB NVMe SSD),300 Gigabit,,,,,
I8GE 6xlarge,i8ge.6xlarge,"726,117.54",Storage optimized,214.0 fps,192 GiB,24 vCPUs,15000 GB (2×7500 GB NVMe SSD),37.5 Gigabit,,,,,
I8GE Large,i8ge.large,"59,263.649",Storage optimized,22.0 fps,16 GiB,2 vCPUs,1250 GB NVMe SSD,Up to 25 Gigabit,,,,,
I8GE Metal-24xl,i8ge.metal-24xl,"3,284,577.88",Storage optimized,296.0 fps,768 GiB,96 vCPUs,60000 GB (8×7500 GB NVMe SSD),150 Gigabit,,,,,
I8GE Metal-48xl,i8ge.metal-48xl,"5,578,152.237",Storage optimized,164.0 fps,1536 GiB,192 vCPUs,120000 GB (16×7500 GB NVMe SSD),300 Gigabit,,,,,
I8GE Extra Large,i8ge.xlarge,"123,105.332",Storage optimized,44.0 fps,32 GiB,4 vCPUs,2500 GB NVMe SSD,Up to 25 Gigabit,,,,,
IM4GN 16xlarge Extra Large,im4gn.16xlarge,"1,252,527.888",Storage optimized,176.0 fps,256 GiB,64 vCPUs,30000 GB (4×7500 GB NVMe SSD),100 Gigabit,,,,,
IM4GN Double Extra Large,im4gn.2xlarge,"161,605.279",Storage optimized,51.0 fps,32 GiB,8 vCPUs,3750 GB NVMe SSD,Up to 25 Gigabit,,,,,
IM4GN Quadruple Extra Large,im4gn.4xlarge,"318,196.884",Storage optimized,92.0 fps,64 GiB,16 vCPUs,7500 GB NVMe SSD,25 Gigabit,,,,,
IM4GN Eight Extra Large,im4gn.8xlarge,"615,384.615",Storage optimized,151.0 fps,128 GiB,32 vCPUs,15000 GB (2×7500 GB NVMe SSD),50 Gigabit,,,,,
IM4GN Large,im4gn.large,"38,689.709",Storage optimized,12.0 fps,8 GiB,2 vCPUs,937 GB NVMe SSD,Up to 25 Gigabit,,,,,
IM4GN Extra Large,im4gn.xlarge,"77,120.823",Storage optimized,26.0 fps,16 GiB,4 vCPUs,1875 GB NVMe SSD,Up to 25 Gigabit,,,,,
INF1 24xlarge,inf1.24xlarge,"1,539,880.499",Machine Learning ASIC Instances,194.0 fps,192 GiB,96 vCPUs,EBS only,100 Gigabit,$5.671 hourly,$3.573 hourly,$0.9249 hourly,,
INF1 Double Extra Large,inf1.2xlarge,"131,627.658",Machine Learning ASIC Instances,47.0 fps,16 GiB,8 vCPUs,EBS only,Up to 25 Gigabit,$0.435 hourly,$0.274 hourly,$0.1121 hourly,,
INF1 6xlarge,inf1.6xlarge,"382,637.809",Machine Learning ASIC Instances,137.0 fps,48 GiB,24 vCPUs,EBS only,25 Gigabit,$1.418 hourly,$0.893 hourly,$0.1418 hourly,,
INF1 Extra Large,inf1.xlarge,"65,773.247",Machine Learning ASIC Instances,26.0 fps,8 GiB,4 vCPUs,EBS only,Up to 25 Gigabit,$0.274 hourly,$0.173 hourly,$0.0657 hourly,,
INF2 24xlarge,inf2.24xlarge,"1,914,734.48",Machine Learning ASIC Instances,249.0 fps,384 GiB,96 vCPUs,EBS only,50 Gigabit,,,,,
INF2 48xlarge,inf2.48xlarge,,Machine Learning ASIC Instances,,768 GiB,192 vCPUs,EBS only,100 Gigabit,,,,,
INF2 Eight Extra Large,inf2.8xlarge,"692,340.978",Machine Learning ASIC Instances,198.0 fps,128 GiB,32 vCPUs,EBS only,Up to 25 Gigabit,,,,,
INF2 Extra Large,inf2.xlarge,"79,657.473",Machine Learning ASIC Instances,34.0 fps,16 GiB,4 vCPUs,EBS only,Up to 15 Gigabit,,,,,
IS4GEN Double Extra Large,is4gen.2xlarge,"158,113.183",Storage optimized,51.0 fps,48 GiB,8 vCPUs,7500 GB NVMe SSD,Up to 25 Gigabit,,,,,
IS4GEN Quadruple Extra Large,is4gen.4xlarge,"312,723.956",Storage optimized,94.0 fps,96 GiB,16 vCPUs,15000 GB (2×7500 GB NVMe SSD),25 Gigabit,,,,,
IS4GEN Eight Extra Large,is4gen.8xlarge,"633,454.306",Storage optimized,149.0 fps,192 GiB,32 vCPUs,30000 GB (4×7500 GB NVMe SSD),50 Gigabit,,,,,
IS4GEN Large,is4gen.large,"39,510.075",Storage optimized,13.0 fps,12 GiB,2 vCPUs,1875 GB NVMe SSD,Up to 25 Gigabit,,,,,
IS4GEN Medium,is4gen.medium,"19,781.089",Storage optimized,6.9 fps,6 GiB,1 vCPUs,937 GB NVMe SSD,Up to 25 Gigabit,,,,,
IS4GEN Extra Large,is4gen.xlarge,"79,207.921",Storage optimized,26.0 fps,24 GiB,4 vCPUs,3750 GB NVMe SSD,Up to 25 Gigabit,,,,,
M1 General Purpose Large,m1.large,"24,570.025",General purpose,8.9 fps,7.5 GiB,2 vCPUs,840 GB (2×420 GB HDD),Moderate,$0.19 hourly,$0.136 hourly,$0.0345 hourly,$0.314 hourly,$0.265 hourly
M1 General Purpose Medium,m1.medium,"16,889.039",General purpose,,3.75 GiB,1 vCPUs,410 GB HDD,Moderate,$0.095 hourly,$0.068 hourly,$0.0167 hourly,$0.157 hourly,$0.131 hourly
M1 General Purpose Small,m1.small,"16,880.486",General purpose,,1.7 GiB,1 vCPUs,160 GB HDD,Low,$0.047 hourly,$0.034 hourly,$0.0097 hourly,$0.078 hourly,$0.066 hourly
M1 General Purpose Extra Large,m1.xlarge,"48,649.964",General purpose,17.0 fps,15 GiB,4 vCPUs,1680 GB (4×420 GB HDD),High,$0.379 hourly,$0.272 hourly,$0.0727 hourly,$0.627 hourly,$0.529 hourly
M2 High Memory Double Extra Large,m2.2xlarge,"58,757.283",Memory optimized,20.0 fps,34.2 GiB,4 vCPUs,850 GB HDD,Moderate,$0.55 hourly,$0.268 hourly,$0.1758 hourly,$0.75 hourly,$0.625 hourly
M2 High Memory Quadruple Extra Large,m2.4xlarge,"111,322.418",Memory optimized,38.0 fps,68.4 GiB,8 vCPUs,1680 GB (2×840 GB HDD),High,$1.10 hourly,$0.536 hourly,$0.1937 hourly,$1.50 hourly,$1.252 hourly
M2 High Memory Extra Large,m2.xlarge,"28,403.711",Memory optimized,10.0 fps,17.1 GiB,2 vCPUs,420 GB HDD,Moderate,$0.275 hourly,$0.134 hourly,$0.0483 hourly,$0.375 hourly,$0.313 hourly
M3 General Purpose Double Extra Large,m3.2xlarge,"116,759.912",General purpose,42.0 fps,30 GiB,8 vCPUs,160 GB (2×80 GB SSD),High,$0.616 hourly,$0.464 hourly,$0.1491 hourly,$1.12 hourly,$0.935 hourly
M3 General Purpose Large,m3.large,"29,279.719",General purpose,11.0 fps,7.5 GiB,2 vCPUs,32 GB SSD,Moderate,$0.154 hourly,$0.116 hourly,$0.0413 hourly,$0.28 hourly,$0.235 hourly
M3 General Purpose Medium,m3.medium,"22,900.763",General purpose,,3.75 GiB,1 vCPUs,4 GB SSD,Moderate,$0.077 hourly,$0.058 hourly,$0.0214 hourly,$0.14 hourly,$0.117 hourly
M3 General Purpose Extra Large,m3.xlarge,"58,576.589",General purpose,21.0 fps,15 GiB,4 vCPUs,80 GB (2×40 GB SSD),High,$0.308 hourly,$0.232 hourly,$0.093 hourly,$0.56 hourly,$0.467 hourly
M4 General Purpose Deca Extra Large,m4.10xlarge,"574,547.544",General purpose,145.0 fps,160 GiB,40 vCPUs,EBS only,10 Gigabit,$2.34 hourly,$1.701 hourly,$0.7613 hourly,$4.18 hourly,$3.541 hourly
M4 General Purpose 16xlarge Extra Large,m4.16xlarge,"1,116,343.973",General purpose,210.0 fps,256 GiB,64 vCPUs,EBS only,25 Gigabit,$3.744 hourly,$2.7216 hourly,$1.278 hourly,$6.688 hourly,$5.6656 hourly
M4 General Purpose Double Extra Large,m4.2xlarge,"105,364.826",General purpose,34.0 fps,32 GiB,8 vCPUs,EBS only,High,$0.468 hourly,$0.3402 hourly,$0.1596 hourly,$0.836 hourly,$0.7082 hourly
M4 General Purpose Quadruple Extra Large,m4.4xlarge,"251,243.13",General purpose,86.0 fps,64 GiB,16 vCPUs,EBS only,High,$0.936 hourly,$0.6804 hourly,$0.2157 hourly,$1.672 hourly,$1.4164 hourly
M4 General Purpose Large,m4.large,"26,848.04",General purpose,9.7 fps,8 GiB,2 vCPUs,EBS only,Moderate,$0.117 hourly,$0.0851 hourly,$0.0401 hourly,$0.209 hourly,$0.1771 hourly
M4 General Purpose Extra Large,m4.xlarge,"58,499.488",General purpose,24.0 fps,16 GiB,4 vCPUs,EBS only,High,$0.234 hourly,$0.1701 hourly,$0.095 hourly,$0.418 hourly,$0.3541 hourly
M5 General Purpose 12xlarge Extra Large,m5.12xlarge,"680,239.974",General purpose,157.0 fps,192 GiB,48 vCPUs,EBS only,12 Gigabit,$2.688 hourly,$1.693 hourly,$0.6935 hourly,$4.896 hourly,$3.901 hourly
M5 General Purpose 16xlarge Extra Large,m5.16xlarge,"936,265.665",General purpose,161.0 fps,256 GiB,64 vCPUs,EBS only,20 Gigabit,$3.584 hourly,$2.258 hourly,$0.7433 hourly,$6.528 hourly,$5.202 hourly
M5 General Purpose 24xlarge,m5.24xlarge,"1,374,718.075",General purpose,172.0 fps,384 GiB,96 vCPUs,EBS only,25 Gigabit,$5.376 hourly,$3.387 hourly,$0.978 hourly,$9.792 hourly,$7.803 hourly
M5 General Purpose Double Extra Large,m5.2xlarge,"115,790.997",General purpose,40.0 fps,32 GiB,8 vCPUs,EBS only,Up to 10 Gigabit,$0.448 hourly,$0.282 hourly,$0.1496 hourly,$0.816 hourly,$0.65 hourly
M5 General Purpose Quadruple Extra Large,m5.4xlarge,"235,271.052",General purpose,78.0 fps,64 GiB,16 vCPUs,EBS only,Up to 10 Gigabit,$0.896 hourly,$0.564 hourly,$0.2295 hourly,$1.632 hourly,$1.30 hourly
M5 General Purpose Eight Extra Large,m5.8xlarge,"442,865.71",General purpose,134.0 fps,128 GiB,32 vCPUs,EBS only,10 Gigabit,$1.792 hourly,$1.129 hourly,$0.329 hourly,$3.264 hourly,$2.601 hourly
M5 General Purpose Large,m5.large,"28,469.751",General purpose,12.0 fps,8 GiB,2 vCPUs,EBS only,Up to 10 Gigabit,$0.112 hourly,$0.071 hourly,$0.0365 hourly,$0.204 hourly,$0.163 hourly
M5 General Purpose Metal,m5.metal,"1,318,409.668",General purpose,180.0 fps,384 GiB,96 vCPUs,EBS only,25 Gigabit,$5.376 hourly,$3.387 hourly,$0.9535 hourly,$9.792 hourly,$7.803 hourly
M5 General Purpose Extra Large,m5.xlarge,"59,119.125",General purpose,20.0 fps,16 GiB,4 vCPUs,EBS only,Up to 10 Gigabit,$0.224 hourly,$0.141 hourly,$0.0556 hourly,$0.408 hourly,$0.325 hourly
M5A 12xlarge Extra Large,m5a.12xlarge,"630,749.014",General purpose,117.0 fps,192 GiB,48 vCPUs,EBS only,10 Gigabit,$2.424 hourly,$1.527 hourly,$0.753 hourly,$4.632 hourly,$3.735 hourly
M5A 16xlarge Extra Large,m5a.16xlarge,"810,673.873",General purpose,110.0 fps,256 GiB,64 vCPUs,EBS only,12 Gigabit,$3.232 hourly,$2.036 hourly,$1.0584 hourly,$6.176 hourly,$4.98 hourly
M5A 24xlarge,m5a.24xlarge,"1,205,575.788",General purpose,114.0 fps,384 GiB,96 vCPUs,EBS only,20 Gigabit,$4.848 hourly,$3.054 hourly,$0.91 hourly,$9.264 hourly,$7.47 hourly
M5A Double Extra Large,m5a.2xlarge,"101,265.823",General purpose,37.0 fps,32 GiB,8 vCPUs,EBS only,Up to 10 Gigabit,$0.404 hourly,$0.255 hourly,$0.2002 hourly,$0.772 hourly,$0.623 hourly
M5A Quadruple Extra Large,m5a.4xlarge,"206,825.233",General purpose,68.0 fps,64 GiB,16 vCPUs,EBS only,Up to 10 Gigabit,$0.808 hourly,$0.509 hourly,$0.3708 hourly,$1.544 hourly,$1.245 hourly
M5A Eight Extra Large,m5a.8xlarge,"419,369.635",General purpose,99.0 fps,128 GiB,32 vCPUs,EBS only,Up to 10 Gigabit,$1.616 hourly,$1.018 hourly,$0.702 hourly,$3.088 hourly,$2.49 hourly
M5A Large,m5a.large,"26,516.407",General purpose,9.6 fps,8 GiB,2 vCPUs,EBS only,Up to 10 Gigabit,$0.101 hourly,$0.064 hourly,$0.0379 hourly,$0.193 hourly,$0.156 hourly
M5A Extra Large,m5a.xlarge,"52,823.876",General purpose,19.0 fps,16 GiB,4 vCPUs,EBS only,Up to 10 Gigabit,$0.202 hourly,$0.127 hourly,$0.0904 hourly,$0.386 hourly,$0.311 hourly
M5AD 12xlarge Extra Large,m5ad.12xlarge,"620,101.628",General purpose,113.0 fps,192 GiB,48 vCPUs,1800 GB (2×900 GB NVMe SSD),10 Gigabit,$2.928 hourly,$1.845 hourly,$0.8133 hourly,$5.136 hourly,$4.053 hourly
M5AD 16xlarge Extra Large,m5ad.16xlarge,"818,518.992",General purpose,113.0 fps,256 GiB,64 vCPUs,2400 GB (4×600 GB NVMe SSD),12 Gigabit,$3.904 hourly,$2.46 hourly,$0.9281 hourly,$6.848 hourly,$5.404 hourly
M5AD 24xlarge,m5ad.24xlarge,"1,248,699.272",General purpose,97.0 fps,384 GiB,96 vCPUs,3600 GB (4×900 GB NVMe SSD),20 Gigabit,$5.856 hourly,$3.689 hourly,$0.9084 hourly,$10.272 hourly,$8.105 hourly
M5AD Double Extra Large,m5ad.2xlarge,"104,302.477",General purpose,37.0 fps,32 GiB,8 vCPUs,300 GB NVMe SSD,Up to 10 Gigabit,$0.488 hourly,$0.307 hourly,$0.2118 hourly,$0.856 hourly,$0.675 hourly
M5AD Quadruple Extra Large,m5ad.4xlarge,"202,429.15",General purpose,67.0 fps,64 GiB,16 vCPUs,600 GB (2×300 GB NVMe SSD),Up to 10 Gigabit,$0.976 hourly,$0.615 hourly,$0.3555 hourly,$1.712 hourly,$1.351 hourly
M5AD Eight Extra Large,m5ad.8xlarge,"386,551.238",General purpose,101.0 fps,128 GiB,32 vCPUs,1200 GB (2×600 GB NVMe SSD),Up to 10 Gigabit,$1.952 hourly,$1.23 hourly,$0.5219 hourly,$3.424 hourly,$2.702 hourly
M5AD Large,m5ad.large,"25,994.281",General purpose,9.7 fps,8 GiB,2 vCPUs,75 GB NVMe SSD,Up to 10 Gigabit,$0.122 hourly,$0.077 hourly,$0.0395 hourly,$0.214 hourly,$0.169 hourly
M5AD Extra Large,m5ad.xlarge,"52,335.47",General purpose,19.0 fps,16 GiB,4 vCPUs,150 GB NVMe SSD,Up to 10 Gigabit,$0.244 hourly,$0.154 hourly,$0.0879 hourly,$0.428 hourly,$0.338 hourly
M5 General Purpose 12xlarge Extra Large,m5d.12xlarge,"686,237.133",General purpose,157.0 fps,192 GiB,48 vCPUs,1800 GB (2×900 GB NVMe SSD),12 Gigabit,$3.192 hourly,$2.011 hourly,$1.2881 hourly,$5.40 hourly,$4.219 hourly
M5 General Purpose 16xlarge Extra Large,m5d.16xlarge,"915,070.06",General purpose,162.0 fps,256 GiB,64 vCPUs,2400 GB (4×600 GB NVMe SSD),20 Gigabit,$4.256 hourly,$2.681 hourly,$1.8079 hourly,$7.20 hourly,$5.625 hourly
M5 General Purpose 24xlarge,m5d.24xlarge,"1,386,431.744",General purpose,173.0 fps,384 GiB,96 vCPUs,3600 GB (4×900 GB NVMe SSD),25 Gigabit,$6.384 hourly,$4.022 hourly,$2.5449 hourly,$10.80 hourly,$8.438 hourly
M5 General Purpose Double Extra Large,m5d.2xlarge,"112,813.763",General purpose,40.0 fps,32 GiB,8 vCPUs,300 GB NVMe SSD,Up to 10 Gigabit,$0.532 hourly,$0.335 hourly,$0.1984 hourly,$0.90 hourly,$0.703 hourly
M5 General Purpose Quadruple Extra Large,m5d.4xlarge,"216,645.604",General purpose,77.0 fps,64 GiB,16 vCPUs,600 GB (2×300 GB NVMe SSD),Up to 10 Gigabit,$1.064 hourly,$0.67 hourly,$0.3475 hourly,$1.80 hourly,$1.406 hourly
M5 General Purpose Eight Extra Large,m5d.8xlarge,"462,940.638",General purpose,146.0 fps,128 GiB,32 vCPUs,1200 GB (2×600 GB NVMe SSD),10 Gigabit,$2.128 hourly,$1.341 hourly,$0.4038 hourly,$3.60 hourly,$2.813 hourly
M5 General Purpose Large,m5d.large,"28,933.79",General purpose,10.0 fps,8 GiB,2 vCPUs,75 GB NVMe SSD,Up to 10 Gigabit,$0.133 hourly,$0.084 hourly,$0.0484 hourly,$0.225 hourly,$0.176 hourly
M5 General Purpose Metal,m5d.metal,"1,359,869.679",General purpose,173.0 fps,384 GiB,96 vCPUs,3600 GB (4×900 GB NVMe SSD),25 Gigabit,$6.384 hourly,$4.022 hourly,$2.1533 hourly,$10.80 hourly,$8.438 hourly
M5 General Purpose Extra Large,m5d.xlarge,"59,020.264",General purpose,20.0 fps,16 GiB,4 vCPUs,150 GB NVMe SSD,Up to 10 Gigabit,$0.266 hourly,$0.168 hourly,$0.0883 hourly,$0.45 hourly,$0.352 hourly
M5DN 12xlarge Extra Large,m5dn.12xlarge,,General purpose,,192 GiB,48 vCPUs,1800 GB (2×900 GB NVMe SSD),50 Gigabit,,,,,
M5DN 16xlarge Extra Large,m5dn.16xlarge,,General purpose,,256 GiB,64 vCPUs,2400 GB (4×600 GB NVMe SSD),75 Gigabit,,,,,
M5DN 24xlarge,m5dn.24xlarge,,General purpose,,384 GiB,96 vCPUs,3600 GB (4×900 GB NVMe SSD),100 Gigabit,,,,,
M5DN Double Extra Large,m5dn.2xlarge,,General purpose,,32 GiB,8 vCPUs,300 GB NVMe SSD,Up to 25 Gigabit,,,,,
M5DN Quadruple Extra Large,m5dn.4xlarge,,General purpose,,64 GiB,16 vCPUs,600 GB (2×300 GB NVMe SSD),Up to 25 Gigabit,,,,,
M5DN Eight Extra Large,m5dn.8xlarge,,General purpose,,128 GiB,32 vCPUs,1200 GB (2×600 GB NVMe SSD),25 Gigabit,,,,,
M5DN Large,m5dn.large,,General purpose,,8 GiB,2 vCPUs,75 GB NVMe SSD,Up to 25 Gigabit,,,,,
M5DN Metal,m5dn.metal,,General purpose,,384 GiB,96 vCPUs,3600 GB (4×900 GB NVMe SSD),100 Gigabit,,,,,
M5DN Extra Large,m5dn.xlarge,,General purpose,,16 GiB,4 vCPUs,150 GB NVMe SSD,Up to 25 Gigabit,,,,,
M5N 12xlarge Extra Large,m5n.12xlarge,,General purpose,,192 GiB,48 vCPUs,EBS only,50 Gigabit,,,,,
M5N 16xlarge Extra Large,m5n.16xlarge,,General purpose,,256 GiB,64 vCPUs,EBS only,75 Gigabit,,,,,
M5N 24xlarge,m5n.24xlarge,,General purpose,,384 GiB,96 vCPUs,EBS only,100 Gigabit,,,,,
M5N Double Extra Large,m5n.2xlarge,,General purpose,,32 GiB,8 vCPUs,EBS only,Up to 25 Gigabit,,,,,
M5N Quadruple Extra Large,m5n.4xlarge,,General purpose,,64 GiB,16 vCPUs,EBS only,Up to 25 Gigabit,,,,,
M5N Eight Extra Large,m5n.8xlarge,,General purpose,,128 GiB,32 vCPUs,EBS only,25 Gigabit,,,,,
M5N Large,m5n.large,,General purpose,,8 GiB,2 vCPUs,EBS only,Up to 25 Gigabit,,,,,
M5N Metal,m5n.metal,,General purpose,,384 GiB,96 vCPUs,EBS only,100 Gigabit,,,,,
M5N Extra Large,m5n.xlarge,,General purpose,,16 GiB,4 vCPUs,EBS only,Up to 25 Gigabit,,,,,
M5ZN 12xlarge Extra Large,m5zn.12xlarge,"932,355.655",General purpose,200.0 fps,192 GiB,48 vCPUs,EBS only,100 Gigabit,$4.6248 hourly,$2.8988 hourly,$1.6495 hourly,$6.8328 hourly,$5.1068 hourly
M5ZN Double Extra Large,m5zn.2xlarge,"163,926.028",General purpose,53.0 fps,32 GiB,8 vCPUs,EBS only,Up to 25 Gigabit,$0.7708 hourly,$0.4831 hourly,$0.2972 hourly,$1.1388 hourly,$0.8511 hourly
M5ZN 3xlarge,m5zn.3xlarge,"252,711.383",General purpose,78.0 fps,48 GiB,12 vCPUs,EBS only,Up to 25 Gigabit,$1.1562 hourly,$0.7247 hourly,$0.3002 hourly,$1.7082 hourly,$1.2767 hourly
M5ZN 6xlarge,m5zn.6xlarge,"500,913.123",General purpose,145.0 fps,96 GiB,24 vCPUs,EBS only,50 Gigabit,$2.3124 hourly,$1.4494 hourly,$0.7637 hourly,$3.4164 hourly,$2.5534 hourly
M5ZN Large,m5zn.large,"39,037.72",General purpose,14.0 fps,8 GiB,2 vCPUs,EBS only,Up to 25 Gigabit,$0.1927 hourly,$0.1208 hourly,$0.04 hourly,$0.2847 hourly,$0.2128 hourly
M5ZN Metal,m5zn.metal,"1,015,228.426",General purpose,132.0 fps,192 GiB,48 vCPUs,EBS only,100 Gigabit,$4.6248 hourly,$2.8988 hourly,$0.9971 hourly,$6.8328 hourly,$5.1068 hourly
M5ZN Extra Large,m5zn.xlarge,"82,402.019",General purpose,28.0 fps,16 GiB,4 vCPUs,EBS only,Up to 25 Gigabit,$0.3854 hourly,$0.2416 hourly,$0.1265 hourly,$0.5694 hourly,$0.4256 hourly
M6A 12xlarge Extra Large,m6a.12xlarge,"1,009,410.651",General purpose,211.0 fps,192 GiB,48 vCPUs,EBS only,18.75 Gigabit,$2.4192 hourly,$1.5955 hourly,$0.8015 hourly,$4.6272 hourly,$1.5955 hourly
M6A 16xlarge Extra Large,m6a.16xlarge,"1,416,948.027",General purpose,227.0 fps,256 GiB,64 vCPUs,EBS only,25 Gigabit,$3.2256 hourly,$2.1274 hourly,$1.0757 hourly,$6.1696 hourly,$5.0714 hourly
M6A 24xlarge,m6a.24xlarge,"1,807,143.866",General purpose,240.0 fps,384 GiB,96 vCPUs,EBS only,37.5 Gigabit,$4.8384 hourly,$3.1911 hourly,$1.7507 hourly,$9.2544 hourly,$7.6071 hourly
M6A Double Extra Large,m6a.2xlarge,"169,106.378",General purpose,66.0 fps,32 GiB,8 vCPUs,EBS only,Up to 12.5 Gigabit,$0.4032 hourly,$0.2659 hourly,$0.1767 hourly,$0.7712 hourly,$0.2659 hourly
M6A 32xlarge,m6a.32xlarge,"2,624,429.75",General purpose,228.0 fps,512 GiB,128 vCPUs,EBS only,50 Gigabit,$6.4512 hourly,$4.2548 hourly,$1.4785 hourly,$12.3392 hourly,$10.1428 hourly
M6A 48xlarge,m6a.48xlarge,"3,589,455.973",General purpose,248.0 fps,768 GiB,192 vCPUs,EBS only,50 Gigabit,$9.6768 hourly,$6.3822 hourly,$1.8956 hourly,$18.5088 hourly,$15.2142 hourly
M6A Quadruple Extra Large,m6a.4xlarge,"333,385.425",General purpose,121.0 fps,64 GiB,16 vCPUs,EBS only,Up to 12.5 Gigabit,$0.8064 hourly,$0.5319 hourly,$0.3475 hourly,$1.5424 hourly,$1.2679 hourly
M6A Eight Extra Large,m6a.8xlarge,"648,725.356",General purpose,195.0 fps,128 GiB,32 vCPUs,EBS only,12.5 Gigabit,$1.6128 hourly,$1.0637 hourly,$0.6537 hourly,$3.0848 hourly,$1.0637 hourly
M6A Large,m6a.large,"40,862.192",General purpose,17.0 fps,8 GiB,2 vCPUs,EBS only,Up to 12.5 Gigabit,$0.1008 hourly,$0.0665 hourly,$0.0397 hourly,$0.1928 hourly,$0.1585 hourly
M6A Metal,m6a.metal,"3,831,060.858",General purpose,253.0 fps,768 GiB,192 vCPUs,EBS only,50 Gigabit,$9.6768 hourly,$6.3822 hourly,$1.7043 hourly,$18.5088 hourly,$6.3822 hourly
M6A Extra Large,m6a.xlarge,"80,527.455",General purpose,34.0 fps,16 GiB,4 vCPUs,EBS only,Up to 12.5 Gigabit,$0.2016 hourly,$0.133 hourly,$0.088 hourly,$0.3856 hourly,$0.133 hourly
M6G 12xlarge Extra Large,m6g.12xlarge,"932,038.835",General purpose,172.0 fps,192 GiB,48 vCPUs,EBS only,20 Gigabit,$2.1504 hourly,$1.3548 hourly,$0.7121 hourly,,
M6G 16xlarge Extra Large,m6g.16xlarge,"1,277,445.11",General purpose,176.0 fps,256 GiB,64 vCPUs,EBS only,25 Gigabit,$2.8672 hourly,$1.8063 hourly,$0.8448 hourly,,
M6G Double Extra Large,m6g.2xlarge,"154,689.011",General purpose,50.0 fps,32 GiB,8 vCPUs,EBS only,Up to 10 Gigabit,$0.3584 hourly,$0.2258 hourly,$0.1181 hourly,,
M6G Quadruple Extra Large,m6g.4xlarge,"309,817.337",General purpose,93.0 fps,64 GiB,16 vCPUs,EBS only,Up to 10 Gigabit,$0.7168 hourly,$0.4516 hourly,$0.235 hourly,,
M6G Eight Extra Large,m6g.8xlarge,"627,861.347",General purpose,149.0 fps,128 GiB,32 vCPUs,EBS only,12 Gigabit,$1.4336 hourly,$0.9032 hourly,$0.475 hourly,,
M6G Large,m6g.large,"37,343.624",General purpose,13.0 fps,8 GiB,2 vCPUs,EBS only,Up to 10 Gigabit,$0.0896 hourly,$0.0564 hourly,$0.0378 hourly,,
M6G Medium,m6g.medium,"19,256.692",General purpose,,4 GiB,1 vCPUs,EBS only,Up to 10 Gigabit,$0.0448 hourly,$0.0282 hourly,$0.0135 hourly,,
M6G Metal,m6g.metal,"1,280,256.051",General purpose,178.0 fps,256 GiB,64 vCPUs,EBS only,25 Gigabit,$2.8672 hourly,$1.8063 hourly,$0.5241 hourly,,
M6G Extra Large,m6g.xlarge,"77,002.053",General purpose,26.0 fps,16 GiB,4 vCPUs,EBS only,Up to 10 Gigabit,$0.1792 hourly,$0.1129 hourly,$0.0551 hourly,,
M6GD 12xlarge Extra Large,m6gd.12xlarge,"933,005.054",General purpose,173.0 fps,192 GiB,48 vCPUs,2850 GB (2×1425 GB NVMe SSD),20 Gigabit,$2.544 hourly,$1.6129 hourly,$0.8645 hourly,,
M6GD 16xlarge Extra Large,m6gd.16xlarge,"1,289,109.709",General purpose,175.0 fps,256 GiB,64 vCPUs,3800 GB (2×1900 GB NVMe SSD),25 Gigabit,$3.392 hourly,$2.1505 hourly,$1.0489 hourly,,
M6GD Double Extra Large,m6gd.2xlarge,"151,966.061",General purpose,50.0 fps,32 GiB,8 vCPUs,474 GB NVMe SSD,Up to 10 Gigabit,$0.424 hourly,$0.2688 hourly,$0.1698 hourly,,
M6GD Quadruple Extra Large,m6gd.4xlarge,"323,777.403",General purpose,94.0 fps,64 GiB,16 vCPUs,950 GB NVMe SSD,Up to 10 Gigabit,$0.848 hourly,$0.5376 hourly,$0.3984 hourly,,
M6GD Eight Extra Large,m6gd.8xlarge,"608,789.397",General purpose,150.0 fps,128 GiB,32 vCPUs,1900 GB NVMe SSD,12 Gigabit,$1.696 hourly,$1.0752 hourly,$0.6957 hourly,,
M6GD Large,m6gd.large,"40,249.547",General purpose,13.0 fps,8 GiB,2 vCPUs,118 GB NVMe SSD,Up to 10 Gigabit,$0.106 hourly,$0.0672 hourly,$0.0367 hourly,,
M6GD Medium,m6gd.medium,"19,811.134",General purpose,,4 GiB,1 vCPUs,59 GB NVMe SSD,Up to 10 Gigabit,$0.053 hourly,$0.0336 hourly,$0.0095 hourly,,
M6GD Metal,m6gd.metal,"1,278,891.627",General purpose,178.0 fps,256 GiB,64 vCPUs,3800 GB (2×1900 GB NVMe SSD),25 Gigabit,$3.392 hourly,$2.1505 hourly,$0.6047 hourly,,
M6GD Extra Large,m6gd.xlarge,"76,098.675",General purpose,26.0 fps,16 GiB,4 vCPUs,237 GB NVMe SSD,Up to 10 Gigabit,$0.212 hourly,$0.1344 hourly,$0.0584 hourly,,
M6I 12xlarge Extra Large,m6i.12xlarge,"808,352.981",General purpose,215.0 fps,192 GiB,48 vCPUs,EBS only,18.75 Gigabit,$2.688 hourly,$1.7728 hourly,$0.929 hourly,$4.896 hourly,$3.9808 hourly
M6I 16xlarge Extra Large,m6i.16xlarge,"1,069,742.175",General purpose,184.0 fps,256 GiB,64 vCPUs,EBS only,25 Gigabit,$3.584 hourly,$2.3638 hourly,$1.148 hourly,$6.528 hourly,$2.3638 hourly
M6I 24xlarge,m6i.24xlarge,"1,587,761.009",General purpose,235.0 fps,384 GiB,96 vCPUs,EBS only,37.5 Gigabit,$5.376 hourly,$3.5456 hourly,$2.0504 hourly,$9.792 hourly,$7.9616 hourly
M6I Double Extra Large,m6i.2xlarge,"138,822.611",General purpose,55.0 fps,32 GiB,8 vCPUs,EBS only,Up to 12.5 Gigabit,$0.448 hourly,$0.2955 hourly,$0.1758 hourly,$0.816 hourly,$0.6635 hourly
M6I 32xlarge,m6i.32xlarge,"2,269,000.665",General purpose,215.0 fps,512 GiB,128 vCPUs,EBS only,50 Gigabit,$7.168 hourly,$4.7275 hourly,$1.9519 hourly,$13.056 hourly,$4.7275 hourly
M6I Quadruple Extra Large,m6i.4xlarge,"266,023.776",General purpose,108.0 fps,64 GiB,16 vCPUs,EBS only,Up to 12.5 Gigabit,$0.896 hourly,$0.5909 hourly,$0.3348 hourly,$1.632 hourly,$0.5909 hourly
M6I Eight Extra Large,m6i.8xlarge,"550,371.931",General purpose,181.0 fps,128 GiB,32 vCPUs,EBS only,12.5 Gigabit,$1.792 hourly,$1.1819 hourly,$0.8317 hourly,$3.264 hourly,$2.6539 hourly
M6I Large,m6i.large,"35,055.431",General purpose,14.0 fps,8 GiB,2 vCPUs,EBS only,Up to 12.5 Gigabit,$0.112 hourly,$0.0739 hourly,$0.034 hourly,$0.204 hourly,$0.1659 hourly
M6I Metal,m6i.metal,"2,345,073.971",General purpose,259.0 fps,512 GiB,128 vCPUs,EBS only,50 Gigabit,$7.168 hourly,$4.7275 hourly,$1.3489 hourly,$13.056 hourly,$10.6155 hourly
M6I Extra Large,m6i.xlarge,"66,741.751",General purpose,27.0 fps,16 GiB,4 vCPUs,EBS only,Up to 12.5 Gigabit,$0.224 hourly,$0.1477 hourly,$0.0868 hourly,$0.408 hourly,$0.1477 hourly
M6ID 12xlarge Extra Large,m6id.12xlarge,"820,442.697",General purpose,219.0 fps,192 GiB,48 vCPUs,2850 GB (2×1425 GB NVMe SSD),18.75 Gigabit,$3.3516 hourly,$2.1115 hourly,$1.3646 hourly,$5.5596 hourly,$4.3195 hourly
M6ID 16xlarge Extra Large,m6id.16xlarge,"1,098,570.999",General purpose,184.0 fps,256 GiB,64 vCPUs,3800 GB (2×1900 GB NVMe SSD),25 Gigabit,$4.4688 hourly,$2.8153 hourly,$1.8247 hourly,$7.4128 hourly,$5.7593 hourly
M6ID 24xlarge,m6id.24xlarge,"1,695,439.092",General purpose,240.0 fps,384 GiB,96 vCPUs,5700 GB (4×1425 GB NVMe SSD),37.5 Gigabit,$6.7032 hourly,$4.223 hourly,$3.4727 hourly,$11.1192 hourly,$8.639 hourly
M6ID Double Extra Large,m6id.2xlarge,"133,952.865",General purpose,56.0 fps,32 GiB,8 vCPUs,474 GB NVMe SSD,Up to 12.5 Gigabit,$0.5586 hourly,$0.3519 hourly,$0.18 hourly,$0.9266 hourly,$0.7199 hourly
M6ID 32xlarge,m6id.32xlarge,"2,204,900.736",General purpose,213.0 fps,512 GiB,128 vCPUs,7600 GB (4×1900 GB NVMe SSD),50 Gigabit,$8.9376 hourly,$5.6307 hourly,$4.5669 hourly,$14.8256 hourly,$11.5187 hourly
M6ID Quadruple Extra Large,m6id.4xlarge,"268,118.978",General purpose,107.0 fps,64 GiB,16 vCPUs,950 GB NVMe SSD,Up to 12.5 Gigabit,$1.1172 hourly,$0.7038 hourly,$0.3644 hourly,$1.8532 hourly,$1.4398 hourly
M6ID Eight Extra Large,m6id.8xlarge,"559,171.727",General purpose,188.0 fps,128 GiB,32 vCPUs,1900 GB NVMe SSD,12.5 Gigabit,$2.2344 hourly,$1.4077 hourly,$0.7005 hourly,$3.7064 hourly,$2.8797 hourly
M6ID Large,m6id.large,"35,040.077",General purpose,14.0 fps,8 GiB,2 vCPUs,118 GB NVMe SSD,Up to 12.5 Gigabit,$0.1397 hourly,$0.088 hourly,$0.0462 hourly,$0.2317 hourly,$0.18 hourly
M6ID Metal,m6id.metal,"2,367,739.549",General purpose,274.0 fps,512 GiB,128 vCPUs,7600 GB (4×1900 GB NVMe SSD),50 Gigabit,$8.9376 hourly,$5.6307 hourly,$3.2071 hourly,$14.8256 hourly,$11.5187 hourly
M6ID Extra Large,m6id.xlarge,"65,797.59",General purpose,28.0 fps,16 GiB,4 vCPUs,237 GB NVMe SSD,Up to 12.5 Gigabit,$0.2793 hourly,$0.176 hourly,$0.0918 hourly,$0.4633 hourly,$0.36 hourly
M6IDN 12xlarge Extra Large,m6idn.12xlarge,"819,812.126",General purpose,216.0 fps,192 GiB,48 vCPUs,2850 GB (2×1425 GB NVMe SSD),75 Gigabit,$4.4026 hourly,$2.7736 hourly,$0.7658 hourly,$6.6106 hourly,$4.9816 hourly
M6IDN 16xlarge Extra Large,m6idn.16xlarge,"1,101,738.681",General purpose,186.0 fps,256 GiB,64 vCPUs,3800 GB (2×1900 GB NVMe SSD),100 Gigabit,$5.8701 hourly,$3.6982 hourly,$0.7966 hourly,$8.8141 hourly,$6.6422 hourly
M6IDN 24xlarge,m6idn.24xlarge,"1,646,655.232",General purpose,233.0 fps,384 GiB,96 vCPUs,5700 GB (4×1425 GB NVMe SSD),150 Gigabit,$8.8051 hourly,$5.5472 hourly,$2.5947 hourly,$13.2211 hourly,$9.9632 hourly
M6IDN Double Extra Large,m6idn.2xlarge,"133,701.011",General purpose,54.0 fps,32 GiB,8 vCPUs,474 GB NVMe SSD,Up to 40 Gigabit,$0.7338 hourly,$0.4623 hourly,$0.1824 hourly,$1.1018 hourly,$0.8303 hourly
M6IDN 32xlarge,m6idn.32xlarge,"2,140,826.225",General purpose,215.0 fps,512 GiB,128 vCPUs,7600 GB (4×1900 GB NVMe SSD),200 Gigabit,$11.7402 hourly,$7.3963 hourly,$3.2964 hourly,$17.6282 hourly,$13.2843 hourly
M6IDN Quadruple Extra Large,m6idn.4xlarge,"278,842.802",General purpose,106.0 fps,64 GiB,16 vCPUs,950 GB NVMe SSD,Up to 50 Gigabit,$1.4675 hourly,$0.9245 hourly,$0.5875 hourly,$2.2035 hourly,$1.6605 hourly
M6IDN Eight Extra Large,m6idn.8xlarge,"560,199.571",General purpose,148.0 fps,128 GiB,32 vCPUs,1900 GB NVMe SSD,50 Gigabit,$2.935 hourly,$1.8491 hourly,$0.5289 hourly,$4.407 hourly,$3.3211 hourly
M6IDN Large,m6idn.large,"33,200.531",General purpose,14.0 fps,8 GiB,2 vCPUs,118 GB NVMe SSD,Up to 25 Gigabit,$0.1834 hourly,$0.1156 hourly,$0.0395 hourly,$0.2754 hourly,$0.2076 hourly
M6IDN Metal,m6idn.metal,"2,398,575.846",General purpose,189.0 fps,512 GiB,128 vCPUs,7600 GB (4×1900 GB NVMe SSD),200 Gigabit,$11.7402 hourly,$7.3963 hourly,$3.8136 hourly,$17.6282 hourly,$13.2843 hourly
M6IDN Extra Large,m6idn.xlarge,"68,693.114",General purpose,28.0 fps,16 GiB,4 vCPUs,237 GB NVMe SSD,Up to 30 Gigabit,$0.3669 hourly,$0.2311 hourly,$0.0818 hourly,$0.5509 hourly,$0.4151 hourly
M6IN 12xlarge Extra Large,m6in.12xlarge,"818,658.594",General purpose,219.0 fps,192 GiB,48 vCPUs,EBS only,75 Gigabit,$3.8986 hourly,$2.4561 hourly,$0.6849 hourly,$6.1066 hourly,$4.6641 hourly
M6IN 16xlarge Extra Large,m6in.16xlarge,"1,090,336.045",General purpose,187.0 fps,256 GiB,64 vCPUs,EBS only,100 Gigabit,$5.1981 hourly,$3.2748 hourly,$0.5198 hourly,$8.1421 hourly,$6.2188 hourly
M6IN 24xlarge,m6in.24xlarge,"1,559,327.54",General purpose,237.0 fps,384 GiB,96 vCPUs,EBS only,150 Gigabit,$7.7971 hourly,$4.9122 hourly,$2.439 hourly,$12.2131 hourly,$9.3282 hourly
M6IN Double Extra Large,m6in.2xlarge,"136,518.771",General purpose,56.0 fps,32 GiB,8 vCPUs,EBS only,Up to 40 Gigabit,$0.6498 hourly,$0.4094 hourly,$0.1615 hourly,$1.0178 hourly,$0.7774 hourly
M6IN 32xlarge,m6in.32xlarge,"2,206,611.214",General purpose,220.0 fps,512 GiB,128 vCPUs,EBS only,200 Gigabit,$10.3962 hourly,$6.5496 hourly,$2.455 hourly,$16.2842 hourly,$12.4376 hourly
M6IN Quadruple Extra Large,m6in.4xlarge,"266,866.817",General purpose,107.0 fps,64 GiB,16 vCPUs,EBS only,Up to 50 Gigabit,$1.2995 hourly,$0.8187 hourly,$0.2704 hourly,$2.0355 hourly,$1.5547 hourly
M6IN Eight Extra Large,m6in.8xlarge,"568,282.721",General purpose,178.0 fps,128 GiB,32 vCPUs,EBS only,50 Gigabit,$2.599 hourly,$1.6374 hourly,$0.8196 hourly,$4.071 hourly,$3.1094 hourly
M6IN Large,m6in.large,"32,420.165",General purpose,14.0 fps,8 GiB,2 vCPUs,EBS only,Up to 25 Gigabit,$0.1624 hourly,$0.1023 hourly,$0.0414 hourly,$0.2544 hourly,$0.1943 hourly
M6IN Metal,m6in.metal,"2,559,744.026",General purpose,256.0 fps,512 GiB,128 vCPUs,EBS only,200 Gigabit,$10.3962 hourly,$6.5496 hourly,$2.0692 hourly,$16.2842 hourly,$12.4376 hourly
M6IN Extra Large,m6in.xlarge,"68,769.879",General purpose,28.0 fps,16 GiB,4 vCPUs,EBS only,Up to 30 Gigabit,$0.3249 hourly,$0.2047 hourly,$0.0884 hourly,$0.5089 hourly,$0.3887 hourly
M7A 12xlarge Extra Large,m7a.12xlarge,"1,543,408.36",General purpose,308.0 fps,192 GiB,48 vCPUs,EBS only,18.75 Gigabit,,,,,
M7A 16xlarge Extra Large,m7a.16xlarge,"1,932,756.191",General purpose,302.0 fps,256 GiB,64 vCPUs,EBS only,25 Gigabit,,,,,
M7A 24xlarge,m7a.24xlarge,"2,714,420.358",General purpose,311.0 fps,384 GiB,96 vCPUs,EBS only,37.5 Gigabit,,,,,
M7A Double Extra Large,m7a.2xlarge,"262,826.48",General purpose,104.0 fps,32 GiB,8 vCPUs,EBS only,Up to 12.5 Gigabit,,,,,
M7A 32xlarge,m7a.32xlarge,"4,116,638.079",General purpose,296.0 fps,512 GiB,128 vCPUs,EBS only,50 Gigabit,,,,,
M7A 48xlarge,m7a.48xlarge,"5,871,260.384",General purpose,300.0 fps,768 GiB,192 vCPUs,EBS only,50 Gigabit,,,,,
M7A Quadruple Extra Large,m7a.4xlarge,"511,617.992",General purpose,189.0 fps,64 GiB,16 vCPUs,EBS only,Up to 12.5 Gigabit,,,,,
M7A Eight Extra Large,m7a.8xlarge,"1,087,079.606",General purpose,281.0 fps,128 GiB,32 vCPUs,EBS only,12.5 Gigabit,,,,,
M7A Large,m7a.large,"67,950.17",General purpose,27.0 fps,8 GiB,2 vCPUs,EBS only,Up to 12.5 Gigabit,,,,,
M7A Medium,m7a.medium,"32,470.168",General purpose,,4 GiB,1 vCPUs,EBS only,Up to 12.5 Gigabit,,,,,
M7A Metal-48xl,m7a.metal-48xl,"6,428,571.429",General purpose,320.0 fps,768 GiB,192 vCPUs,EBS only,50 Gigabit,,,,,
M7A Extra Large,m7a.xlarge,"131,219.245",General purpose,55.0 fps,16 GiB,4 vCPUs,EBS only,Up to 12.5 Gigabit,,,,,
M7G 12xlarge Extra Large,m7g.12xlarge,"1,244,732.577",General purpose,239.0 fps,192 GiB,48 vCPUs,EBS only,22.5 Gigabit,$2.2848 hourly,$1.5068 hourly,$0.8032 hourly,,
M7G 16xlarge Extra Large,m7g.16xlarge,"1,580,051.845",General purpose,242.0 fps,256 GiB,64 vCPUs,EBS only,30 Gigabit,$3.0464 hourly,$2.0091 hourly,$0.9664 hourly,,
M7G Double Extra Large,m7g.2xlarge,"199,153.597",General purpose,73.0 fps,32 GiB,8 vCPUs,EBS only,Up to 15 Gigabit,$0.3808 hourly,$0.2511 hourly,$0.1718 hourly,,
M7G Quadruple Extra Large,m7g.4xlarge,"411,602.032",General purpose,134.0 fps,64 GiB,16 vCPUs,EBS only,Up to 15 Gigabit,$0.7616 hourly,$0.5023 hourly,$0.2906 hourly,,
M7G Eight Extra Large,m7g.8xlarge,"815,390.496",General purpose,213.0 fps,128 GiB,32 vCPUs,EBS only,15 Gigabit,$1.5232 hourly,$1.0046 hourly,$0.6728 hourly,,
M7G Large,m7g.large,"51,659.563",General purpose,19.0 fps,8 GiB,2 vCPUs,EBS only,Up to 12.5 Gigabit,$0.0952 hourly,$0.0628 hourly,$0.0381 hourly,,
M7G Medium,m7g.medium,"25,521.055",General purpose,,4 GiB,1 vCPUs,EBS only,Up to 12.5 Gigabit,$0.0476 hourly,$0.0314 hourly,$0.0169 hourly,,
M7G Metal,m7g.metal,"1,729,262.362",General purpose,245.0 fps,256 GiB,64 vCPUs,EBS only,30 Gigabit,$3.0464 hourly,$2.0091 hourly,$0.5441 hourly,,
M7G Extra Large,m7g.xlarge,"103,066.22",General purpose,38.0 fps,16 GiB,4 vCPUs,EBS only,Up to 12.5 Gigabit,$0.1904 hourly,$0.1256 hourly,$0.0744 hourly,,
M7GD 12xlarge Extra Large,m7gd.12xlarge,"1,247,077.163",General purpose,239.0 fps,192 GiB,48 vCPUs,2850 GB (2×1425 GB NVMe SSD),22.5 Gigabit,$3.0164 hourly,$1.9004 hourly,$0.9984 hourly,,
M7GD 16xlarge Extra Large,m7gd.16xlarge,"1,664,499.35",General purpose,242.0 fps,256 GiB,64 vCPUs,3800 GB (2×1900 GB NVMe SSD),30 Gigabit,$4.0219 hourly,$2.5338 hourly,$0.4059 hourly,,
M7GD Double Extra Large,m7gd.2xlarge,"202,698.423",General purpose,72.0 fps,32 GiB,8 vCPUs,474 GB NVMe SSD,Up to 15 Gigabit,$0.5027 hourly,$0.3167 hourly,$0.1728 hourly,,
M7GD Quadruple Extra Large,m7gd.4xlarge,"405,165.865",General purpose,133.0 fps,64 GiB,16 vCPUs,950 GB NVMe SSD,Up to 15 Gigabit,$1.0055 hourly,$0.6335 hourly,$0.3636 hourly,,
M7GD Eight Extra Large,m7gd.8xlarge,"817,160.368",General purpose,212.0 fps,128 GiB,32 vCPUs,1900 GB NVMe SSD,15 Gigabit,$2.011 hourly,$1.2669 hourly,$0.4501 hourly,,
M7GD Large,m7gd.large,"49,443.758",General purpose,18.0 fps,8 GiB,2 vCPUs,118 GB NVMe SSD,Up to 12.5 Gigabit,$0.1257 hourly,$0.0792 hourly,$0.0426 hourly,,
M7GD Medium,m7gd.medium,"24,319.066",General purpose,,4 GiB,1 vCPUs,59 GB NVMe SSD,Up to 12.5 Gigabit,$0.0628 hourly,$0.0396 hourly,$0.0117 hourly,,
M7GD Metal,m7gd.metal,"1,523,537.464",General purpose,245.0 fps,256 GiB,64 vCPUs,3800 GB (2×1900 GB NVMe SSD),30 Gigabit,$4.0219 hourly,$2.5338 hourly,$0.7094 hourly,,
M7GD Extra Large,m7gd.xlarge,"102,860.816",General purpose,38.0 fps,16 GiB,4 vCPUs,237 GB NVMe SSD,Up to 12.5 Gigabit,$0.2514 hourly,$0.1584 hourly,$0.0816 hourly,,
M7I-FLEX 12xlarge Extra Large,m7i-flex.12xlarge,"968,620.724",General purpose,227.0 fps,192 GiB,48 vCPUs,EBS only,Up to 18.75 Gigabit,$2.6813 hourly,$1.7685 hourly,$0.4724 hourly,$4.8893 hourly,$3.9765 hourly
M7I-FLEX 16xlarge Extra Large,m7i-flex.16xlarge,"1,328,489.881",General purpose,210.0 fps,256 GiB,64 vCPUs,EBS only,Up to 25 Gigabit,$3.575 hourly,$2.3579 hourly,$0.6336 hourly,$6.519 hourly,$5.3019 hourly
M7I-FLEX Double Extra Large,m7i-flex.2xlarge,"157,720.933",General purpose,57.0 fps,32 GiB,8 vCPUs,EBS only,Up to 12.5 Gigabit,$0.4469 hourly,$0.2947 hourly,$0.1773 hourly,$0.7965 hourly,$0.6443 hourly
M7I-FLEX Quadruple Extra Large,m7i-flex.4xlarge,"341,042.311",General purpose,137.0 fps,64 GiB,16 vCPUs,EBS only,Up to 12.5 Gigabit,$0.8938 hourly,$0.5895 hourly,$0.3481 hourly,$1.593 hourly,$1.2887 hourly
M7I-FLEX Eight Extra Large,m7i-flex.8xlarge,"735,378.605",General purpose,214.0 fps,128 GiB,32 vCPUs,EBS only,Up to 12.5 Gigabit,$1.7875 hourly,$1.179 hourly,$0.5976 hourly,$3.1859 hourly,$2.5774 hourly
M7I-FLEX Large,m7i-flex.large,"43,763.676",General purpose,16.0 fps,8 GiB,2 vCPUs,EBS only,Up to 12.5 Gigabit,$0.1117 hourly,$0.0737 hourly,$0.037 hourly,$0.1991 hourly,$0.1611 hourly
M7I-FLEX Extra Large,m7i-flex.xlarge,"78,697.555",General purpose,31.0 fps,16 GiB,4 vCPUs,EBS only,Up to 12.5 Gigabit,$0.2234 hourly,$0.1474 hourly,$0.0863 hourly,$0.3982 hourly,$0.3222 hourly
M7I 12xlarge Extra Large,m7i.12xlarge,"1,068,011.57",General purpose,235.0 fps,192 GiB,48 vCPUs,EBS only,18.75 Gigabit,$2.8224 hourly,$1.8615 hourly,$1.1005 hourly,$5.0304 hourly,$4.0695 hourly
M7I 16xlarge Extra Large,m7i.16xlarge,"1,339,566.036",General purpose,231.0 fps,256 GiB,64 vCPUs,EBS only,25 Gigabit,$3.7632 hourly,$2.482 hourly,$1.4219 hourly,$6.7072 hourly,$5.426 hourly
M7I 24xlarge,m7i.24xlarge,"2,034,760.492",General purpose,257.0 fps,384 GiB,96 vCPUs,EBS only,37.5 Gigabit,$5.6448 hourly,$3.723 hourly,$1.2499 hourly,$10.0608 hourly,$8.139 hourly
M7I Double Extra Large,m7i.2xlarge,"163,373.666",General purpose,59.0 fps,32 GiB,8 vCPUs,EBS only,Up to 12.5 Gigabit,$0.4704 hourly,$0.3103 hourly,$0.1976 hourly,$0.8384 hourly,$0.6783 hourly
M7I 48xlarge,m7i.48xlarge,"3,809,523.81",General purpose,268.0 fps,768 GiB,192 vCPUs,EBS only,50 Gigabit,$11.2896 hourly,$7.4459 hourly,$4.3494 hourly,$20.1216 hourly,$16.2779 hourly
M7I Quadruple Extra Large,m7i.4xlarge,"372,381.691",General purpose,126.0 fps,64 GiB,16 vCPUs,EBS only,Up to 12.5 Gigabit,$0.9408 hourly,$0.6205 hourly,$0.3593 hourly,$1.6768 hourly,$1.3565 hourly
M7I Eight Extra Large,m7i.8xlarge,"699,530.003",General purpose,200.0 fps,128 GiB,32 vCPUs,EBS only,12.5 Gigabit,$1.8816 hourly,$1.241 hourly,$0.9476 hourly,$3.3536 hourly,$2.713 hourly
M7I Large,m7i.large,"46,780.89",General purpose,17.0 fps,8 GiB,2 vCPUs,EBS only,Up to 12.5 Gigabit,$0.1176 hourly,$0.0776 hourly,$0.0331 hourly,$0.2096 hourly,$0.1696 hourly
M7I Metal-24xl,m7i.metal-24xl,"2,055,234.425",General purpose,279.0 fps,384 GiB,96 vCPUs,EBS only,37.5 Gigabit,$5.6448 hourly,$3.723 hourly,$1.3068 hourly,$10.0608 hourly,$8.139 hourly
M7I Metal-48xl,m7i.metal-48xl,"3,469,461.511",General purpose,303.0 fps,768 GiB,192 vCPUs,EBS only,50 Gigabit,$11.2896 hourly,$7.4459 hourly,$1.129 hourly,$20.1216 hourly,$16.2779 hourly
M7I Extra Large,m7i.xlarge,"89,171.265",General purpose,32.0 fps,16 GiB,4 vCPUs,EBS only,Up to 12.5 Gigabit,$0.2352 hourly,$0.1551 hourly,$0.0839 hourly,$0.4192 hourly,$0.3391 hourly
M8A 12xlarge Extra Large,m8a.12xlarge,"2,249,392.92",General purpose,417.0 fps,192 GiB,48 vCPUs,EBS only,22.5 Gigabit,,,,,
M8A 16xlarge Extra Large,m8a.16xlarge,"2,819,496.175",General purpose,416.0 fps,256 GiB,64 vCPUs,EBS only,30 Gigabit,,,,,
M8A 24xlarge,m8a.24xlarge,"3,988,819.219",General purpose,416.0 fps,384 GiB,96 vCPUs,EBS only,40 Gigabit,,,,,
M8A Double Extra Large,m8a.2xlarge,"367,787.909",General purpose,130.0 fps,32 GiB,8 vCPUs,EBS only,Up to 15 Gigabit,,,,,
M8A 48xlarge,m8a.48xlarge,"6,962,254.821",General purpose,406.0 fps,768 GiB,192 vCPUs,EBS only,75 Gigabit,,,,,
M8A Quadruple Extra Large,m8a.4xlarge,"771,022.408",General purpose,236.0 fps,64 GiB,16 vCPUs,EBS only,Up to 15 Gigabit,,,,,
M8A Eight Extra Large,m8a.8xlarge,"1,391,102.739",General purpose,329.0 fps,128 GiB,32 vCPUs,EBS only,15 Gigabit,,,,,
M8A Large,m8a.large,"94,347.714",General purpose,35.0 fps,8 GiB,2 vCPUs,EBS only,Up to 12.5 Gigabit,,,,,
M8A Medium,m8a.medium,"41,172.03",General purpose,,4 GiB,1 vCPUs,EBS only,Up to 12.5 Gigabit,,,,,
M8A Metal-24xl,m8a.metal-24xl,"4,001,667.361",General purpose,443.0 fps,384 GiB,96 vCPUs,EBS only,40 Gigabit,,,,,
M8A Metal-48xl,m8a.metal-48xl,"7,478,488.722",General purpose,426.0 fps,768 GiB,192 vCPUs,EBS only,75 Gigabit,,,,,
M8A Extra Large,m8a.xlarge,"174,418.605",General purpose,71.0 fps,16 GiB,4 vCPUs,EBS only,Up to 12.5 Gigabit,,,,,
M8AZN 12xlarge Extra Large,m8azn.12xlarge,,General purpose,,192 GiB,48 vCPUs,EBS only,100 Gigabit,,,,,
M8AZN 24xlarge,m8azn.24xlarge,,General purpose,,384 GiB,96 vCPUs,EBS only,200 Gigabit,,,,,
M8AZN 3xlarge,m8azn.3xlarge,,General purpose,,48 GiB,12 vCPUs,EBS only,Up to 50 Gigabit,,,,,
M8AZN 6xlarge,m8azn.6xlarge,,General purpose,,96 GiB,24 vCPUs,EBS only,50 Gigabit,,,,,
M8AZN Large,m8azn.large,,General purpose,,8 GiB,2 vCPUs,EBS only,Up to 30 Gigabit,,,,,
M8AZN Medium,m8azn.medium,,General purpose,,4 GiB,1 vCPUs,EBS only,Up to 25 Gigabit,,,,,
M8AZN Metal-12xl,m8azn.metal-12xl,,General purpose,,192 GiB,48 vCPUs,EBS only,100 Gigabit,,,,,
M8AZN Metal-24xl,m8azn.metal-24xl,,General purpose,,384 GiB,96 vCPUs,EBS only,200 Gigabit,,,,,
M8AZN Extra Large,m8azn.xlarge,,General purpose,,16 GiB,4 vCPUs,EBS only,Up to 40 Gigabit,,,,,
M8G 12xlarge Extra Large,m8g.12xlarge,"1,434,548.715",General purpose,293.0 fps,192 GiB,48 vCPUs,EBS only,22.5 Gigabit,$2.5133 hourly,$1.6575 hourly,$0.9138 hourly,,
M8G 16xlarge Extra Large,m8g.16xlarge,"1,941,747.573",General purpose,297.0 fps,256 GiB,64 vCPUs,EBS only,30 Gigabit,$3.351 hourly,$2.21 hourly,$1.1148 hourly,,
M8G 24xlarge,m8g.24xlarge,"2,983,682.984",General purpose,297.0 fps,384 GiB,96 vCPUs,EBS only,40 Gigabit,$5.0266 hourly,$3.315 hourly,$1.6742 hourly,,
M8G Double Extra Large,m8g.2xlarge,"240,493.011",General purpose,86.0 fps,32 GiB,8 vCPUs,EBS only,Up to 15 Gigabit,$0.4189 hourly,$0.2763 hourly,$0.0902 hourly,,
M8G 48xlarge,m8g.48xlarge,"5,500,250.662",General purpose,277.0 fps,768 GiB,192 vCPUs,EBS only,50 Gigabit,$10.0531 hourly,$6.6301 hourly,$3.5759 hourly,,
M8G Quadruple Extra Large,m8g.4xlarge,"511,100.463",General purpose,158.0 fps,64 GiB,16 vCPUs,EBS only,Up to 15 Gigabit,$0.8378 hourly,$0.5525 hourly,$0.2775 hourly,,
M8G Eight Extra Large,m8g.8xlarge,"928,815.035",General purpose,255.0 fps,128 GiB,32 vCPUs,EBS only,15 Gigabit,$1.6755 hourly,$1.105 hourly,$0.6985 hourly,,
M8G Large,m8g.large,"62,514.652",General purpose,22.0 fps,8 GiB,2 vCPUs,EBS only,Up to 12.5 Gigabit,$0.1047 hourly,$0.0691 hourly,$0.0373 hourly,,
M8G Medium,m8g.medium,"29,431.241",General purpose,,4 GiB,1 vCPUs,EBS only,Up to 12.5 Gigabit,$0.0524 hourly,$0.0345 hourly,$0.0172 hourly,,
M8G Metal-24xl,m8g.metal-24xl,"2,892,873.286",General purpose,299.0 fps,384 GiB,96 vCPUs,EBS only,40 Gigabit,$5.0266 hourly,$3.315 hourly,$0.7279 hourly,,
M8G Metal-48xl,m8g.metal-48xl,"4,450,625.869",General purpose,283.0 fps,768 GiB,192 vCPUs,EBS only,50 Gigabit,$10.0531 hourly,$6.6301 hourly,$1.4573 hourly,,
M8G Extra Large,m8g.xlarge,"124,678.563",General purpose,45.0 fps,16 GiB,4 vCPUs,EBS only,Up to 12.5 Gigabit,$0.2094 hourly,$0.1381 hourly,$0.0591 hourly,,
M8GB 12xlarge Extra Large,m8gb.12xlarge,"1,395,856.052",General purpose,293.0 fps,192 GiB,48 vCPUs,EBS only,100 Gigabit,,,,,
M8GB 16xlarge Extra Large,m8gb.16xlarge,"1,863,580.112",General purpose,296.0 fps,256 GiB,64 vCPUs,EBS only,133.33 Gigabit,,,,,
M8GB 24xlarge,m8gb.24xlarge,"2,891,348.543",General purpose,296.0 fps,384 GiB,96 vCPUs,EBS only,200 Gigabit,,,,,
M8GB Double Extra Large,m8gb.2xlarge,"246,153.846",General purpose,82.0 fps,32 GiB,8 vCPUs,EBS only,Up to 33.33 Gigabit,,,,,
M8GB 48xlarge,m8gb.48xlarge,"5,283,070.785",General purpose,117.0 fps,768 GiB,192 vCPUs,EBS only,400 Gigabit,,,,,
M8GB Quadruple Extra Large,m8gb.4xlarge,"486,285.237",General purpose,160.0 fps,64 GiB,16 vCPUs,EBS only,33.33 Gigabit,,,,,
M8GB Eight Extra Large,m8gb.8xlarge,"1,015,873.016",General purpose,218.0 fps,128 GiB,32 vCPUs,EBS only,66.66 Gigabit,,,,,
M8GB Large,m8gb.large,"62,348.999",General purpose,22.0 fps,8 GiB,2 vCPUs,EBS only,Up to 20 Gigabit,,,,,
M8GB Medium,m8gb.medium,"30,250.321",General purpose,,4 GiB,1 vCPUs,EBS only,Up to 16.66 Gigabit,,,,,
M8GB Metal-24xl,m8gb.metal-24xl,,General purpose,,384 GiB,96 vCPUs,EBS only,200 Gigabit,,,,,
M8GB Metal-48xl,m8gb.metal-48xl,,General purpose,,768 GiB,192 vCPUs,EBS only,400 Gigabit,,,,,
M8GB Extra Large,m8gb.xlarge,"121,479.007",General purpose,45.0 fps,16 GiB,4 vCPUs,EBS only,Up to 26.66 Gigabit,,,,,
M8GD 12xlarge Extra Large,m8gd.12xlarge,,General purpose,,192 GiB,48 vCPUs,2850 GB (3×950 GB NVMe SSD),22.5 Gigabit,,,,,
M8GD 16xlarge Extra Large,m8gd.16xlarge,,General purpose,,256 GiB,64 vCPUs,3800 GB (2×1900 GB NVMe SSD),30 Gigabit,,,,,
M8GD 24xlarge,m8gd.24xlarge,,General purpose,,384 GiB,96 vCPUs,5700 GB (3×1900 GB NVMe SSD),40 Gigabit,,,,,
M8GD Double Extra Large,m8gd.2xlarge,,General purpose,,32 GiB,8 vCPUs,474 GB NVMe SSD,Up to 15 Gigabit,,,,,
M8GD 48xlarge,m8gd.48xlarge,,General purpose,,768 GiB,192 vCPUs,11400 GB (6×1900 GB NVMe SSD),50 Gigabit,,,,,
M8GD Quadruple Extra Large,m8gd.4xlarge,,General purpose,,64 GiB,16 vCPUs,950 GB NVMe SSD,Up to 15 Gigabit,,,,,
M8GD Eight Extra Large,m8gd.8xlarge,,General purpose,,128 GiB,32 vCPUs,1900 GB NVMe SSD,15 Gigabit,,,,,
M8GD Large,m8gd.large,,General purpose,,8 GiB,2 vCPUs,118 GB NVMe SSD,Up to 12.5 Gigabit,,,,,
M8GD Medium,m8gd.medium,,General purpose,,4 GiB,1 vCPUs,59 GB NVMe SSD,Up to 12.5 Gigabit,,,,,
M8GD Metal-24xl,m8gd.metal-24xl,,General purpose,,384 GiB,96 vCPUs,5700 GB (3×1900 GB NVMe SSD),40 Gigabit,,,,,
M8GD Metal-48xl,m8gd.metal-48xl,,General purpose,,768 GiB,192 vCPUs,11400 GB (6×1900 GB NVMe SSD),50 Gigabit,,,,,
M8GD Extra Large,m8gd.xlarge,,General purpose,,16 GiB,4 vCPUs,237 GB NVMe SSD,Up to 12.5 Gigabit,,,,,
M8GN 12xlarge Extra Large,m8gn.12xlarge,"1,375,161.152",General purpose,289.0 fps,192 GiB,48 vCPUs,EBS only,150 Gigabit,,,,,
M8GN 16xlarge Extra Large,m8gn.16xlarge,"1,925,825.623",General purpose,295.0 fps,256 GiB,64 vCPUs,EBS only,200 Gigabit,,,,,
M8GN 24xlarge,m8gn.24xlarge,"2,929,285.224",General purpose,297.0 fps,384 GiB,96 vCPUs,EBS only,300 Gigabit,,,,,
M8GN Double Extra Large,m8gn.2xlarge,"243,494.141",General purpose,88.0 fps,32 GiB,8 vCPUs,EBS only,Up to 50 Gigabit,,,,,
M8GN 48xlarge,m8gn.48xlarge,"5,357,516.568",General purpose,117.0 fps,768 GiB,192 vCPUs,EBS only,600 Gigabit,,,,,
M8GN Quadruple Extra Large,m8gn.4xlarge,"478,111.46",General purpose,161.0 fps,64 GiB,16 vCPUs,EBS only,50 Gigabit,,,,,
M8GN Eight Extra Large,m8gn.8xlarge,"998,050.682",General purpose,186.0 fps,128 GiB,32 vCPUs,EBS only,100 Gigabit,,,,,
M8GN Large,m8gn.large,"59,435.364",General purpose,22.0 fps,8 GiB,2 vCPUs,EBS only,Up to 30 Gigabit,,,,,
M8GN Medium,m8gn.medium,"30,369.752",General purpose,,4 GiB,1 vCPUs,EBS only,Up to 25 Gigabit,,,,,
M8GN Metal-24xl,m8gn.metal-24xl,,General purpose,,384 GiB,96 vCPUs,EBS only,300 Gigabit,,,,,
M8GN Metal-48xl,m8gn.metal-48xl,,General purpose,,768 GiB,192 vCPUs,EBS only,600 Gigabit,,,,,
M8GN Extra Large,m8gn.xlarge,"125,657.74",General purpose,45.0 fps,16 GiB,4 vCPUs,EBS only,Up to 40 Gigabit,,,,,
M8I-FLEX 12xlarge Extra Large,m8i-flex.12xlarge,"1,114,464.825",General purpose,262.0 fps,192 GiB,48 vCPUs,EBS only,Up to 22.5 Gigabit,$2.8154 hourly,,$0.3275 hourly,$4.913 hourly,
M8I-FLEX 16xlarge Extra Large,m8i-flex.16xlarge,"1,480,967.257",General purpose,263.0 fps,256 GiB,64 vCPUs,EBS only,Up to 30 Gigabit,$3.7539 hourly,,$1.2286 hourly,$6.5507 hourly,
M8I-FLEX Double Extra Large,m8i-flex.2xlarge,"191,563.236",General purpose,75.0 fps,32 GiB,8 vCPUs,EBS only,Up to 15 Gigabit,$0.4692 hourly,,$0.1796 hourly,$0.8188 hourly,
M8I-FLEX Quadruple Extra Large,m8i-flex.4xlarge,"367,830.185",General purpose,144.0 fps,64 GiB,16 vCPUs,EBS only,Up to 15 Gigabit,$0.9385 hourly,,$0.3759 hourly,$1.6377 hourly,
M8I-FLEX Eight Extra Large,m8i-flex.8xlarge,"752,085.863",General purpose,229.0 fps,128 GiB,32 vCPUs,EBS only,Up to 15 Gigabit,$1.877 hourly,,$0.501 hourly,$3.2754 hourly,
M8I-FLEX Large,m8i-flex.large,"44,411.547",General purpose,19.0 fps,8 GiB,2 vCPUs,EBS only,Up to 12.5 Gigabit,$0.1173 hourly,,$0.0351 hourly,$0.2047 hourly,
M8I-FLEX Extra Large,m8i-flex.xlarge,"99,345.972",General purpose,40.0 fps,16 GiB,4 vCPUs,EBS only,Up to 12.5 Gigabit,$0.2346 hourly,,$0.082 hourly,$0.4094 hourly,
M8I 12xlarge Extra Large,m8i.12xlarge,"1,109,527.295",General purpose,281.0 fps,192 GiB,48 vCPUs,EBS only,22.5 Gigabit,$2.9635 hourly,,$1.3577 hourly,$5.1715 hourly,
M8I 16xlarge Extra Large,m8i.16xlarge,"1,612,496.851",General purpose,284.0 fps,256 GiB,64 vCPUs,EBS only,30 Gigabit,$3.9514 hourly,,$1.7073 hourly,$6.8954 hourly,
M8I 24xlarge,m8i.24xlarge,"2,193,157.805",General purpose,303.0 fps,384 GiB,96 vCPUs,EBS only,40 Gigabit,$5.927 hourly,,$1.3582 hourly,$10.343 hourly,
M8I Double Extra Large,m8i.2xlarge,"196,858.467",General purpose,76.0 fps,32 GiB,8 vCPUs,EBS only,Up to 15 Gigabit,$0.4939 hourly,,$0.1753 hourly,$0.8619 hourly,
M8I 32xlarge,m8i.32xlarge,"2,992,751.929",General purpose,314.0 fps,512 GiB,128 vCPUs,EBS only,50 Gigabit,$7.9027 hourly,,$1.5049 hourly,$13.7907 hourly,
M8I 48xlarge,m8i.48xlarge,"4,350,042.481",General purpose,309.0 fps,768 GiB,192 vCPUs,EBS only,75 Gigabit,$11.8541 hourly,,$2.2175 hourly,$20.6861 hourly,
M8I Quadruple Extra Large,m8i.4xlarge,"393,587.799",General purpose,141.0 fps,64 GiB,16 vCPUs,EBS only,Up to 15 Gigabit,$0.9878 hourly,,$0.3932 hourly,$1.7238 hourly,
M8I Eight Extra Large,m8i.8xlarge,"765,153.629",General purpose,239.0 fps,128 GiB,32 vCPUs,EBS only,15 Gigabit,$1.9757 hourly,,$1.1281 hourly,$3.4477 hourly,
M8I 96xlarge,m8i.96xlarge,"8,717,366.629",General purpose,309.0 fps,1536 GiB,384 vCPUs,EBS only,100 Gigabit,$23.7082 hourly,,$4.4067 hourly,$41.3722 hourly,
M8I Large,m8i.large,"44,021.35",General purpose,20.0 fps,8 GiB,2 vCPUs,EBS only,Up to 12.5 Gigabit,$0.1235 hourly,,$0.0432 hourly,$0.2155 hourly,
M8I Metal-48xl,m8i.metal-48xl,"4,685,212.299",General purpose,298.0 fps,768 GiB,192 vCPUs,EBS only,75 Gigabit,$11.8541 hourly,,$1.1854 hourly,$20.6861 hourly,
M8I Metal-96xl,m8i.metal-96xl,"9,221,902.017",General purpose,253.0 fps,1536 GiB,384 vCPUs,EBS only,100 Gigabit,$23.7082 hourly,,$2.3708 hourly,$41.3722 hourly,
M8I Extra Large,m8i.xlarge,"88,967.972",General purpose,40.0 fps,16 GiB,4 vCPUs,EBS only,Up to 12.5 Gigabit,$0.247 hourly,,$0.087 hourly,$0.431 hourly,
M8IB 12xlarge Extra Large,m8ib.12xlarge,"1,159,607.022",General purpose,270.0 fps,192 GiB,48 vCPUs,EBS only,50 Gigabit,,,,,
M8IB 16xlarge Extra Large,m8ib.16xlarge,"1,576,095.879",General purpose,204.0 fps,256 GiB,64 vCPUs,EBS only,66.66 Gigabit,,,,,
M8IB 24xlarge,m8ib.24xlarge,"2,293,084.916",General purpose,251.0 fps,384 GiB,96 vCPUs,EBS only,100 Gigabit,,,,,
M8IB Double Extra Large,m8ib.2xlarge,"192,407.905",General purpose,77.0 fps,32 GiB,8 vCPUs,EBS only,Up to 26.66 Gigabit,,,,,
M8IB 32xlarge,m8ib.32xlarge,"2,967,599.838",General purpose,291.0 fps,512 GiB,128 vCPUs,EBS only,133.33 Gigabit,,,,,
M8IB 48xlarge,m8ib.48xlarge,"4,633,204.633",General purpose,284.0 fps,768 GiB,192 vCPUs,EBS only,200 Gigabit,,,,,
M8IB Quadruple Extra Large,m8ib.4xlarge,"372,656.341",General purpose,146.0 fps,64 GiB,16 vCPUs,EBS only,Up to 33.33 Gigabit,,,,,
M8IB Eight Extra Large,m8ib.8xlarge,"778,967.868",General purpose,233.0 fps,128 GiB,32 vCPUs,EBS only,33.33 Gigabit,,,,,
M8IB 96xlarge,m8ib.96xlarge,"8,852,515.705",General purpose,260.0 fps,1536 GiB,384 vCPUs,EBS only,400 Gigabit,,,,,
M8IB Large,m8ib.large,"45,879.452",General purpose,20.0 fps,8 GiB,2 vCPUs,EBS only,Up to 16.66 Gigabit,,,,,
M8IB Extra Large,m8ib.xlarge,"93,611.046",General purpose,40.0 fps,16 GiB,4 vCPUs,EBS only,Up to 20 Gigabit,,,,,
M8ID 12xlarge Extra Large,m8id.12xlarge,,General purpose,,192 GiB,48 vCPUs,2850 GB NVMe SSD,22.5 Gigabit,,,,,
M8ID 16xlarge Extra Large,m8id.16xlarge,,General purpose,,256 GiB,64 vCPUs,3800 GB NVMe SSD,30 Gigabit,,,,,
M8ID 24xlarge,m8id.24xlarge,,General purpose,,384 GiB,96 vCPUs,5700 GB (2×2850 GB NVMe SSD),40 Gigabit,,,,,
M8ID Double Extra Large,m8id.2xlarge,,General purpose,,32 GiB,8 vCPUs,474 GB NVMe SSD,Up to 15 Gigabit,,,,,
M8ID 32xlarge,m8id.32xlarge,,General purpose,,512 GiB,128 vCPUs,7600 GB (2×3800 GB NVMe SSD),50 Gigabit,,,,,
M8ID 48xlarge,m8id.48xlarge,,General purpose,,768 GiB,192 vCPUs,11400 GB (3×3800 GB NVMe SSD),75 Gigabit,,,,,
M8ID Quadruple Extra Large,m8id.4xlarge,,General purpose,,64 GiB,16 vCPUs,950 GB NVMe SSD,Up to 15 Gigabit,,,,,
M8ID Eight Extra Large,m8id.8xlarge,,General purpose,,128 GiB,32 vCPUs,1900 GB NVMe SSD,15 Gigabit,,,,,
M8ID 96xlarge,m8id.96xlarge,,General purpose,,1536 GiB,384 vCPUs,22800 GB (6×3800 GB NVMe SSD),100 Gigabit,,,,,
M8ID Large,m8id.large,,General purpose,,8 GiB,2 vCPUs,118 GB NVMe SSD,Up to 12.5 Gigabit,,,,,
M8ID Metal-48xl,m8id.metal-48xl,,General purpose,,768 GiB,192 vCPUs,11400 GB (3×3800 GB NVMe SSD),75 Gigabit,,,,,
M8ID Metal-96xl,m8id.metal-96xl,,General purpose,,1536 GiB,384 vCPUs,22800 GB (6×3800 GB NVMe SSD),100 Gigabit,,,,,
M8ID Extra Large,m8id.xlarge,,General purpose,,16 GiB,4 vCPUs,237 GB NVMe SSD,Up to 12.5 Gigabit,,,,,
M8IDB 12xlarge Extra Large,m8idb.12xlarge,"1,153,938.617",General purpose,284.0 fps,192 GiB,48 vCPUs,2850 GB NVMe SSD,50 Gigabit,,,,,
M8IDB 16xlarge Extra Large,m8idb.16xlarge,"1,531,405.783",General purpose,278.0 fps,256 GiB,64 vCPUs,3800 GB NVMe SSD,66.66 Gigabit,,,,,
M8IDB 24xlarge,m8idb.24xlarge,"2,234,636.872",General purpose,227.0 fps,384 GiB,96 vCPUs,5700 GB (2×2850 GB NVMe SSD),100 Gigabit,,,,,
M8IDB Double Extra Large,m8idb.2xlarge,"186,763.161",General purpose,78.0 fps,32 GiB,8 vCPUs,474 GB NVMe SSD,Up to 26.66 Gigabit,,,,,
M8IDB 32xlarge,m8idb.32xlarge,"3,157,894.737",General purpose,227.0 fps,512 GiB,128 vCPUs,7600 GB (2×3800 GB NVMe SSD),133.33 Gigabit,,,,,
M8IDB 48xlarge,m8idb.48xlarge,"4,544,916.558",General purpose,299.0 fps,768 GiB,192 vCPUs,11400 GB (3×3800 GB NVMe SSD),200 Gigabit,,,,,
M8IDB Quadruple Extra Large,m8idb.4xlarge,"377,774.28",General purpose,147.0 fps,64 GiB,16 vCPUs,950 GB NVMe SSD,Up to 33.33 Gigabit,,,,,
M8IDB Eight Extra Large,m8idb.8xlarge,"779,505.501",General purpose,224.0 fps,128 GiB,32 vCPUs,1900 GB NVMe SSD,33.33 Gigabit,,,,,
M8IDB 96xlarge,m8idb.96xlarge,"8,017,119.891",General purpose,188.0 fps,1536 GiB,384 vCPUs,22800 GB (6×3800 GB NVMe SSD),400 Gigabit,,,,,
M8IDB Large,m8idb.large,"45,736.936",General purpose,20.0 fps,8 GiB,2 vCPUs,118 GB NVMe SSD,Up to 16.66 Gigabit,,,,,
M8IDB Extra Large,m8idb.xlarge,"97,719.87",General purpose,40.0 fps,16 GiB,4 vCPUs,237 GB NVMe SSD,Up to 20 Gigabit,,,,,
M8IDN 12xlarge Extra Large,m8idn.12xlarge,"1,156,487.17",General purpose,235.0 fps,192 GiB,48 vCPUs,2850 GB NVMe SSD,75 Gigabit,,,,,
M8IDN 16xlarge Extra Large,m8idn.16xlarge,"1,497,251.14",General purpose,246.0 fps,256 GiB,64 vCPUs,3800 GB NVMe SSD,100 Gigabit,,,,,
M8IDN 24xlarge,m8idn.24xlarge,"2,315,066.016",General purpose,278.0 fps,384 GiB,96 vCPUs,5700 GB (2×2850 GB NVMe SSD),150 Gigabit,,,,,
M8IDN Double Extra Large,m8idn.2xlarge,"189,506.1",General purpose,78.0 fps,32 GiB,8 vCPUs,474 GB NVMe SSD,Up to 40 Gigabit,,,,,
M8IDN 32xlarge,m8idn.32xlarge,"3,097,773.475",General purpose,294.0 fps,512 GiB,128 vCPUs,7600 GB (2×3800 GB NVMe SSD),200 Gigabit,,,,,
M8IDN 48xlarge,m8idn.48xlarge,"4,311,942.058",General purpose,288.0 fps,768 GiB,192 vCPUs,11400 GB (3×3800 GB NVMe SSD),300 Gigabit,,,,,
M8IDN Quadruple Extra Large,m8idn.4xlarge,"378,012.285",General purpose,145.0 fps,64 GiB,16 vCPUs,950 GB NVMe SSD,Up to 50 Gigabit,,,,,
M8IDN Eight Extra Large,m8idn.8xlarge,"767,294.089",General purpose,247.0 fps,128 GiB,32 vCPUs,1900 GB NVMe SSD,50 Gigabit,,,,,
M8IDN 96xlarge,m8idn.96xlarge,"8,919,860.627",General purpose,254.0 fps,1536 GiB,384 vCPUs,22800 GB (6×3800 GB NVMe SSD),600 Gigabit,,,,,
M8IDN Large,m8idn.large,"42,614.393",General purpose,20.0 fps,8 GiB,2 vCPUs,118 GB NVMe SSD,Up to 25 Gigabit,,,,,
M8IDN Extra Large,m8idn.xlarge,"92,219.02",General purpose,40.0 fps,16 GiB,4 vCPUs,237 GB NVMe SSD,Up to 30 Gigabit,,,,,
M8IN 12xlarge Extra Large,m8in.12xlarge,"1,169,828.181",General purpose,269.0 fps,192 GiB,48 vCPUs,EBS only,75 Gigabit,,,,,
M8IN 16xlarge Extra Large,m8in.16xlarge,"1,499,238.668",General purpose,235.0 fps,256 GiB,64 vCPUs,EBS only,100 Gigabit,,,,,
M8IN 24xlarge,m8in.24xlarge,"2,253,653.383",General purpose,282.0 fps,384 GiB,96 vCPUs,EBS only,150 Gigabit,,,,,
M8IN Double Extra Large,m8in.2xlarge,"198,060.656",General purpose,78.0 fps,32 GiB,8 vCPUs,EBS only,Up to 40 Gigabit,,,,,
M8IN 32xlarge,m8in.32xlarge,"3,165,704.864",General purpose,303.0 fps,512 GiB,128 vCPUs,EBS only,200 Gigabit,,,,,
M8IN 48xlarge,m8in.48xlarge,"4,406,449.022",General purpose,301.0 fps,768 GiB,192 vCPUs,EBS only,300 Gigabit,,,,,
M8IN Quadruple Extra Large,m8in.4xlarge,"371,632.084",General purpose,146.0 fps,64 GiB,16 vCPUs,EBS only,Up to 50 Gigabit,,,,,
M8IN Eight Extra Large,m8in.8xlarge,"742,660.426",General purpose,249.0 fps,128 GiB,32 vCPUs,EBS only,50 Gigabit,,,,,
M8IN 96xlarge,m8in.96xlarge,"8,686,308.884",General purpose,303.0 fps,1536 GiB,384 vCPUs,EBS only,600 Gigabit,,,,,
M8IN Large,m8in.large,"47,225.502",General purpose,20.0 fps,8 GiB,2 vCPUs,EBS only,Up to 25 Gigabit,,,,,
M8IN Extra Large,m8in.xlarge,"97,205.346",General purpose,39.0 fps,16 GiB,4 vCPUs,EBS only,Up to 30 Gigabit,,,,,
M8INE 12xlarge Extra Large,m8ine.12xlarge,"1,130,742.049",General purpose,108.0 fps,192 GiB,48 vCPUs,EBS only,75 Gigabit,,,,,
M8INE Double Extra Large,m8ine.2xlarge,"193,038.547",General purpose,76.0 fps,32 GiB,8 vCPUs,EBS only,12.5 Gigabit,,,,,
M8INE Quadruple Extra Large,m8ine.4xlarge,"385,472.505",General purpose,113.0 fps,64 GiB,16 vCPUs,EBS only,25 Gigabit,,,,,
M8INE Eight Extra Large,m8ine.8xlarge,"798,801.797",General purpose,119.0 fps,128 GiB,32 vCPUs,EBS only,50 Gigabit,,,,,
M8INE Large,m8ine.large,"47,221.785",General purpose,21.0 fps,8 GiB,2 vCPUs,EBS only,3.125 Gigabit,,,,,
M8INE Extra Large,m8ine.xlarge,"97,331.495",General purpose,39.0 fps,16 GiB,4 vCPUs,EBS only,6.25 Gigabit,,,,,
MAC-M3ULTRA Metal,mac-m3ultra.metal,,General purpose,,256 GiB,28 vCPUs,EBS only,10 Gigabit,,,,,
MAC-M4 Metal,mac-m4.metal,,General purpose,,24 GiB,10 vCPUs,1900 GB NVMe SSD,10 Gigabit,,,,,
MAC-M4MAX Metal,mac-m4max.metal,,General purpose,,128 GiB,16 vCPUs,EBS only,10 Gigabit,,,,,
MAC-M4PRO Metal,mac-m4pro.metal,,General purpose,,48 GiB,14 vCPUs,1900 GB NVMe SSD,10 Gigabit,,,,,
MAC1 Metal,mac1.metal,,General purpose,,32 GiB,12 vCPUs,EBS only,25 Gigabit,,,,,
MAC2-M1ULTRA Metal,mac2-m1ultra.metal,,General purpose,,128 GiB,20 vCPUs,EBS only,10 Gigabit,,,,,
MAC2-M2 Metal,mac2-m2.metal,,General purpose,,24 GiB,8 vCPUs,EBS only,10 Gigabit,,,,,
MAC2-M2PRO Metal,mac2-m2pro.metal,,General purpose,,32 GiB,12 vCPUs,EBS only,10 Gigabit,,,,,
MAC2 Metal,mac2.metal,,General purpose,,16 GiB,8 vCPUs,EBS only,10 Gigabit,,,,,
P2 General Purpose GPU 16xlarge Extra Large,p2.16xlarge,,GPU instance,,732 GiB,64 vCPUs,EBS only,20 Gigabit,,,,,
P2 General Purpose GPU Eight Extra Large,p2.8xlarge,,GPU instance,,488 GiB,32 vCPUs,EBS only,10 Gigabit,,,,,
P2 General Purpose GPU Extra Large,p2.xlarge,,GPU instance,,61 GiB,4 vCPUs,EBS only,High,,,,,
P3 High Performance GPU 16xlarge Extra Large,p3.16xlarge,,GPU instance,,488 GiB,64 vCPUs,EBS only,25 Gigabit,,,,,
P3 High Performance GPU Double Extra Large,p3.2xlarge,,GPU instance,,61 GiB,8 vCPUs,EBS only,Up to 10 Gigabit,,,,,
P3 High Performance GPU Eight Extra Large,p3.8xlarge,,GPU instance,,244 GiB,32 vCPUs,EBS only,10 Gigabit,,,,,
P3DN 24xlarge,p3dn.24xlarge,"1,323,529.412",GPU instance,162.0 fps,768 GiB,96 vCPUs,1800 GB (2×900 GB NVMe SSD),100 Gigabit,,,,,
P4D Highest Performance GPU 24xlarge,p4d.24xlarge,"1,593,360.996",GPU instance,,1152 GiB,96 vCPUs,8000 GB (8×1000 GB NVMe SSD),4x 100 Gigabit,,,,,
P4DE 24xlarge,p4de.24xlarge,"1,557,493.409",GPU instance,,1152 GiB,96 vCPUs,8000 GB (8×1000 GB NVMe SSD),4x 100 Gigabit,,,,,
P5 48xlarge,p5.48xlarge,"3,900,325.027",GPU instance,,2048 GiB,192 vCPUs,30400 GB (8×3800 GB NVMe SSD),3200 Gigabit,$68.80 hourly,,$20.1518 hourly,,
P5 Quadruple Extra Large,p5.4xlarge,,GPU instance,,256 GiB,16 vCPUs,3800 GB NVMe SSD,100 Gigabit,,,,,
P5e High Performance Computing GPU 48xlarge,p5e.48xlarge,"3,884,477.265",GPU instance,,2048 GiB,192 vCPUs,30400 GB (8×3800 GB NVMe SSD),3200 Gigabit,,,,,
P5en High Performance Computing GPU 48xlarge,p5en.48xlarge,,GPU instance,,2048 GiB,192 vCPUs,30400 GB (8×3800 GB NVMe SSD),3200 Gigabit,$79.12 hourly,,$79.12 hourly,,
P6-B200 High Performance and Machine Learning GPU 48xlarge,p6-b200.48xlarge,"3,990,024.938",GPU instance,,2048 GiB,192 vCPUs,30400 GB (8×3800 GB NVMe SSD),3200 Gigabit,,,,,
P6-B300 48xlarge,p6-b300.48xlarge,,GPU instance,,4096 GiB,192 vCPUs,30400 GB (8×3800 GB NVMe SSD),6400 Gigabit,,,,,
P6E-GB200 36xlarge,p6e-gb200.36xlarge,,GPU instance,,960 GiB,144 vCPUs,EBS only,1700 Gigabit,,,,,
R3 High-Memory Double Extra Large,r3.2xlarge,"119,290.223",Memory optimized,42.0 fps,61 GiB,8 vCPUs,160 GB SSD,High,$0.741 hourly,$0.543 hourly,$0.1318 hourly,$1.134 hourly,$0.90 hourly
R3 High-Memory Quadruple Extra Large,r3.4xlarge,"237,154.15",Memory optimized,78.0 fps,122 GiB,16 vCPUs,320 GB SSD,High,$1.482 hourly,$1.087 hourly,$0.2643 hourly,$2.111 hourly,$1.584 hourly
R3 High-Memory Eight Extra Large,r3.8xlarge,"480,408.347",Memory optimized,141.0 fps,244 GiB,32 vCPUs,640 GB (2×320 GB SSD),10 Gigabit,$2.964 hourly,$2.174 hourly,$0.5303 hourly,$3.80 hourly,$2.518 hourly
R3 High-Memory Large,r3.large,"29,617.929",Memory optimized,11.0 fps,15.25 GiB,2 vCPUs,32 GB SSD,Moderate,$0.185 hourly,$0.136 hourly,$0.0343 hourly,$0.32 hourly,$0.251 hourly
R3 High-Memory Extra Large,r3.xlarge,"60,682.68",Memory optimized,22.0 fps,30.5 GiB,4 vCPUs,80 GB SSD,Moderate,$0.371 hourly,$0.272 hourly,$0.1453 hourly,$0.633 hourly,$0.456 hourly
R4 High-Memory 16xlarge Extra Large,r4.16xlarge,"1,122,216.377",Memory optimized,213.0 fps,488 GiB,64 vCPUs,EBS only,25 Gigabit,$4.7424 hourly,$2.9904 hourly,$1.5835 hourly,$7.6864 hourly,$5.9344 hourly
R4 High-Memory Double Extra Large,r4.2xlarge,"105,899.484",Memory optimized,34.0 fps,61 GiB,8 vCPUs,EBS only,Up to 10 Gigabit,$0.5928 hourly,$0.3738 hourly,$0.2351 hourly,$0.9608 hourly,$0.7418 hourly
R4 High-Memory Quadruple Extra Large,r4.4xlarge,"238,912.946",Memory optimized,79.0 fps,122 GiB,16 vCPUs,EBS only,Up to 10 Gigabit,$1.1856 hourly,$0.7476 hourly,$0.3935 hourly,$1.9216 hourly,$1.4836 hourly
R4 High-Memory Eight Extra Large,r4.8xlarge,"467,745.079",Memory optimized,127.0 fps,244 GiB,32 vCPUs,EBS only,10 Gigabit,$2.3712 hourly,$1.4952 hourly,$0.7884 hourly,$3.8432 hourly,$2.9672 hourly
R4 High-Memory Large,r4.large,"26,099.439",Memory optimized,9.7 fps,15.25 GiB,2 vCPUs,EBS only,Up to 10 Gigabit,$0.1482 hourly,$0.0934 hourly,$0.0493 hourly,$0.2402 hourly,$0.1854 hourly
R4 High-Memory Extra Large,r4.xlarge,"54,704.595",Memory optimized,20.0 fps,30.5 GiB,4 vCPUs,EBS only,Up to 10 Gigabit,$0.2964 hourly,$0.1869 hourly,$0.1183 hourly,$0.4804 hourly,$0.3709 hourly
R5 12xlarge Extra Large,r5.12xlarge,"703,743.525",Memory optimized,158.0 fps,384 GiB,48 vCPUs,EBS only,12 Gigabit,$3.36 hourly,$2.117 hourly,$0.7086 hourly,$5.568 hourly,$4.325 hourly
R5 16xlarge Extra Large,r5.16xlarge,"928,657.799",Memory optimized,163.0 fps,512 GiB,64 vCPUs,EBS only,20 Gigabit,$4.48 hourly,$2.822 hourly,$1.0227 hourly,$7.424 hourly,$5.766 hourly
R5 24xlarge,r5.24xlarge,"1,351,398.909",Memory optimized,177.0 fps,768 GiB,96 vCPUs,EBS only,25 Gigabit,$6.72 hourly,$4.234 hourly,$1.267 hourly,$11.136 hourly,$8.65 hourly
R5 Double Extra Large,r5.2xlarge,"109,920.308",Memory optimized,39.0 fps,64 GiB,8 vCPUs,EBS only,Up to 10 Gigabit,$0.56 hourly,$0.353 hourly,$0.2003 hourly,$0.928 hourly,$0.721 hourly
R5 Quadruple Extra Large,r5.4xlarge,"225,035.162",Memory optimized,77.0 fps,128 GiB,16 vCPUs,EBS only,Up to 10 Gigabit,$1.12 hourly,$0.706 hourly,$0.3881 hourly,$1.856 hourly,$1.442 hourly
R5 Eight Extra Large,r5.8xlarge,"449,290.963",Memory optimized,134.0 fps,256 GiB,32 vCPUs,EBS only,10 Gigabit,$2.24 hourly,$1.411 hourly,$0.5692 hourly,$3.712 hourly,$2.883 hourly
R5 Large,r5.large,"29,155.936",Memory optimized,11.0 fps,16 GiB,2 vCPUs,EBS only,Up to 10 Gigabit,$0.14 hourly,$0.088 hourly,$0.047 hourly,$0.232 hourly,$0.18 hourly
R5 Metal,r5.metal,"1,310,893.387",Memory optimized,176.0 fps,768 GiB,96 vCPUs,EBS only,25 Gigabit,$6.72 hourly,$4.234 hourly,$1.2043 hourly,$11.136 hourly,$8.65 hourly
R5 Extra Large,r5.xlarge,"58,306.205",Memory optimized,20.0 fps,32 GiB,4 vCPUs,EBS only,Up to 10 Gigabit,$0.28 hourly,$0.176 hourly,$0.1005 hourly,$0.464 hourly,$0.36 hourly
R5A 12xlarge Extra Large,r5a.12xlarge,"635,004.63",Memory optimized,107.0 fps,384 GiB,48 vCPUs,EBS only,10 Gigabit,$3.024 hourly,$1.905 hourly,$0.7821 hourly,$5.232 hourly,$4.113 hourly
R5A 16xlarge Extra Large,r5a.16xlarge,"825,593.395",Memory optimized,107.0 fps,512 GiB,64 vCPUs,EBS only,12 Gigabit,$4.032 hourly,$2.54 hourly,$1.3203 hourly,$6.976 hourly,$5.484 hourly
R5A 24xlarge,r5a.24xlarge,"1,175,174.44",Memory optimized,115.0 fps,768 GiB,96 vCPUs,EBS only,20 Gigabit,$6.048 hourly,$3.81 hourly,$1.0709 hourly,$10.464 hourly,$8.226 hourly
R5A Double Extra Large,r5a.2xlarge,"104,404.568",Memory optimized,37.0 fps,64 GiB,8 vCPUs,EBS only,Up to 10 Gigabit,$0.504 hourly,$0.318 hourly,$0.2219 hourly,$0.872 hourly,$0.686 hourly
R5A Quadruple Extra Large,r5a.4xlarge,"209,918.657",Memory optimized,67.0 fps,128 GiB,16 vCPUs,EBS only,Up to 10 Gigabit,$1.008 hourly,$0.635 hourly,$0.3495 hourly,$1.744 hourly,$1.371 hourly
R5A Eight Extra Large,r5a.8xlarge,"407,695.248",Memory optimized,99.0 fps,256 GiB,32 vCPUs,EBS only,Up to 10 Gigabit,$2.016 hourly,$1.27 hourly,$0.8191 hourly,$3.488 hourly,$2.742 hourly
R5A Large,r5a.large,"26,305.406",Memory optimized,9.6 fps,16 GiB,2 vCPUs,EBS only,Up to 10 Gigabit,$0.126 hourly,$0.079 hourly,$0.0431 hourly,$0.218 hourly,$0.171 hourly
R5A Extra Large,r5a.xlarge,"53,565.45",Memory optimized,19.0 fps,32 GiB,4 vCPUs,EBS only,Up to 10 Gigabit,$0.252 hourly,$0.159 hourly,$0.1134 hourly,$0.436 hourly,$0.343 hourly
R5AD 12xlarge Extra Large,r5ad.12xlarge,"617,178.124",Memory optimized,111.0 fps,384 GiB,48 vCPUs,1800 GB (2×900 GB NVMe SSD),10 Gigabit,$3.552 hourly,$2.238 hourly,$1.0625 hourly,$5.76 hourly,$4.446 hourly
R5AD 16xlarge Extra Large,r5ad.16xlarge,"824,529.76",Memory optimized,117.0 fps,512 GiB,64 vCPUs,2400 GB (4×600 GB NVMe SSD),12 Gigabit,$4.736 hourly,$2.984 hourly,$1.2611 hourly,$7.68 hourly,$5.928 hourly
R5AD 24xlarge,r5ad.24xlarge,"1,255,066.022",Memory optimized,112.0 fps,768 GiB,96 vCPUs,3600 GB (4×900 GB NVMe SSD),20 Gigabit,$7.104 hourly,$4.476 hourly,$1.1985 hourly,$11.52 hourly,$8.892 hourly
R5AD Double Extra Large,r5ad.2xlarge,"102,362.876",Memory optimized,37.0 fps,64 GiB,8 vCPUs,300 GB NVMe SSD,Up to 10 Gigabit,$0.592 hourly,$0.373 hourly,$0.2234 hourly,$0.96 hourly,$0.741 hourly
R5AD Quadruple Extra Large,r5ad.4xlarge,"209,218.699",Memory optimized,68.0 fps,128 GiB,16 vCPUs,600 GB (2×300 GB NVMe SSD),Up to 10 Gigabit,$1.184 hourly,$0.746 hourly,$0.3962 hourly,$1.92 hourly,$1.482 hourly
R5AD Eight Extra Large,r5ad.8xlarge,"399,052.251",Memory optimized,100.0 fps,256 GiB,32 vCPUs,1200 GB (2×600 GB NVMe SSD),Up to 10 Gigabit,$2.368 hourly,$1.492 hourly,$0.7993 hourly,$3.84 hourly,$2.964 hourly
R5AD Large,r5ad.large,"26,638.253",Memory optimized,9.6 fps,16 GiB,2 vCPUs,75 GB NVMe SSD,Up to 10 Gigabit,$0.148 hourly,$0.093 hourly,$0.0484 hourly,$0.24 hourly,$0.185 hourly
R5AD Extra Large,r5ad.xlarge,"51,880.674",Memory optimized,19.0 fps,32 GiB,4 vCPUs,150 GB NVMe SSD,Up to 10 Gigabit,$0.296 hourly,$0.186 hourly,$0.1148 hourly,$0.48 hourly,$0.37 hourly
R5B 12xlarge Extra Large,r5b.12xlarge,,Memory optimized,,384 GiB,48 vCPUs,EBS only,12 Gigabit,,,,,
R5B 16xlarge Extra Large,r5b.16xlarge,,Memory optimized,,512 GiB,64 vCPUs,EBS only,20 Gigabit,,,,,
R5B 24xlarge,r5b.24xlarge,,Memory optimized,,768 GiB,96 vCPUs,EBS only,25 Gigabit,,,,,
R5B Double Extra Large,r5b.2xlarge,,Memory optimized,,64 GiB,8 vCPUs,EBS only,Up to 10 Gigabit,,,,,
R5B Quadruple Extra Large,r5b.4xlarge,,Memory optimized,,128 GiB,16 vCPUs,EBS only,Up to 10 Gigabit,,,,,
R5B Eight Extra Large,r5b.8xlarge,,Memory optimized,,256 GiB,32 vCPUs,EBS only,10 Gigabit,,,,,
R5B Large,r5b.large,,Memory optimized,,16 GiB,2 vCPUs,EBS only,Up to 10 Gigabit,,,,,
R5B Metal,r5b.metal,,Memory optimized,,768 GiB,96 vCPUs,EBS only,25 Gigabit,,,,,
R5B Extra Large,r5b.xlarge,,Memory optimized,,32 GiB,4 vCPUs,EBS only,Up to 10 Gigabit,,,,,
R5D 12xlarge Extra Large,r5d.12xlarge,"685,714.286",Memory optimized,159.0 fps,384 GiB,48 vCPUs,1800 GB (2×900 GB NVMe SSD),12 Gigabit,$3.888 hourly,$2.449 hourly,$1.0853 hourly,$6.096 hourly,$4.657 hourly
R5D 16xlarge Extra Large,r5d.16xlarge,"919,188.051",Memory optimized,164.0 fps,512 GiB,64 vCPUs,2400 GB (4×600 GB NVMe SSD),20 Gigabit,$5.184 hourly,$3.266 hourly,$1.4416 hourly,$8.128 hourly,$6.21 hourly
R5D 24xlarge,r5d.24xlarge,"1,345,951.63",Memory optimized,173.0 fps,768 GiB,96 vCPUs,3600 GB (4×900 GB NVMe SSD),25 Gigabit,$7.776 hourly,$4.899 hourly,$3.3202 hourly,$12.192 hourly,$9.315 hourly
R5D Double Extra Large,r5d.2xlarge,"116,138.398",Memory optimized,39.0 fps,64 GiB,8 vCPUs,300 GB NVMe SSD,Up to 10 Gigabit,$0.648 hourly,$0.408 hourly,$0.317 hourly,$1.016 hourly,$0.776 hourly
R5D Quadruple Extra Large,r5d.4xlarge,"232,862.757",Memory optimized,77.0 fps,128 GiB,16 vCPUs,600 GB (2×300 GB NVMe SSD),Up to 10 Gigabit,$1.296 hourly,$0.816 hourly,$0.5095 hourly,$2.032 hourly,$1.552 hourly
R5D Eight Extra Large,r5d.8xlarge,"467,085.097",Memory optimized,133.0 fps,256 GiB,32 vCPUs,1200 GB (2×600 GB NVMe SSD),10 Gigabit,$2.592 hourly,$1.633 hourly,$0.97 hourly,$4.064 hourly,$3.105 hourly
R5D Large,r5d.large,"28,203.441",Memory optimized,11.0 fps,16 GiB,2 vCPUs,75 GB NVMe SSD,Up to 10 Gigabit,$0.162 hourly,$0.102 hourly,$0.0527 hourly,$0.254 hourly,$0.194 hourly
R5D Metal,r5d.metal,"1,303,816.379",Memory optimized,170.0 fps,768 GiB,96 vCPUs,3600 GB (4×900 GB NVMe SSD),25 Gigabit,$7.776 hourly,$4.899 hourly,$1.4053 hourly,$12.192 hourly,$9.315 hourly
R5D Extra Large,r5d.xlarge,"58,662.495",Memory optimized,20.0 fps,32 GiB,4 vCPUs,150 GB NVMe SSD,Up to 10 Gigabit,$0.324 hourly,$0.204 hourly,$0.1353 hourly,$0.508 hourly,$0.388 hourly
R5DN 12xlarge Extra Large,r5dn.12xlarge,,Memory optimized,,384 GiB,48 vCPUs,1800 GB (2×900 GB NVMe SSD),50 Gigabit,,,,,
R5DN 16xlarge Extra Large,r5dn.16xlarge,,Memory optimized,,512 GiB,64 vCPUs,2400 GB (4×600 GB NVMe SSD),75 Gigabit,,,,,
R5DN 24xlarge,r5dn.24xlarge,,Memory optimized,,768 GiB,96 vCPUs,3600 GB (4×900 GB NVMe SSD),100 Gigabit,,,,,
R5DN Double Extra Large,r5dn.2xlarge,,Memory optimized,,64 GiB,8 vCPUs,300 GB NVMe SSD,Up to 25 Gigabit,,,,,
R5DN Quadruple Extra Large,r5dn.4xlarge,,Memory optimized,,128 GiB,16 vCPUs,600 GB (2×300 GB NVMe SSD),Up to 25 Gigabit,,,,,
R5DN Eight Extra Large,r5dn.8xlarge,,Memory optimized,,256 GiB,32 vCPUs,1200 GB (2×600 GB NVMe SSD),25 Gigabit,,,,,
R5DN Large,r5dn.large,,Memory optimized,,16 GiB,2 vCPUs,75 GB NVMe SSD,Up to 25 Gigabit,,,,,
R5DN Metal,r5dn.metal,,Memory optimized,,768 GiB,96 vCPUs,3600 GB (4×900 GB NVMe SSD),100 Gigabit,,,,,
R5DN Extra Large,r5dn.xlarge,,Memory optimized,,32 GiB,4 vCPUs,150 GB NVMe SSD,Up to 25 Gigabit,,,,,
R5N 12xlarge Extra Large,r5n.12xlarge,"719,172.951",Memory optimized,158.0 fps,384 GiB,48 vCPUs,EBS only,50 Gigabit,$4.056 hourly,$2.56 hourly,$1.3449 hourly,$6.264 hourly,$4.768 hourly
R5N 16xlarge Extra Large,r5n.16xlarge,"911,940.724",Memory optimized,160.0 fps,512 GiB,64 vCPUs,EBS only,75 Gigabit,$5.408 hourly,$3.413 hourly,$1.1059 hourly,$8.352 hourly,$6.357 hourly
R5N 24xlarge,r5n.24xlarge,"1,355,214.399",Memory optimized,176.0 fps,768 GiB,96 vCPUs,EBS only,100 Gigabit,$8.112 hourly,$5.119 hourly,$1.6033 hourly,$12.528 hourly,$5.119 hourly
R5N Double Extra Large,r5n.2xlarge,"122,906.745",Memory optimized,47.0 fps,64 GiB,8 vCPUs,EBS only,Up to 25 Gigabit,$0.676 hourly,$0.427 hourly,$0.2596 hourly,$1.044 hourly,$0.795 hourly
R5N Quadruple Extra Large,r5n.4xlarge,"223,630.265",Memory optimized,77.0 fps,128 GiB,16 vCPUs,EBS only,Up to 25 Gigabit,$1.352 hourly,$0.853 hourly,$0.50 hourly,$2.088 hourly,$0.853 hourly
R5N Eight Extra Large,r5n.8xlarge,"448,514.296",Memory optimized,135.0 fps,256 GiB,32 vCPUs,EBS only,25 Gigabit,$2.704 hourly,$1.706 hourly,$0.9676 hourly,$4.176 hourly,$3.178 hourly
R5N Large,r5n.large,"30,237.363",Memory optimized,12.0 fps,16 GiB,2 vCPUs,EBS only,Up to 25 Gigabit,$0.169 hourly,$0.107 hourly,$0.0553 hourly,$0.261 hourly,$0.199 hourly
R5N Metal,r5n.metal,"1,321,767.865",Memory optimized,176.0 fps,768 GiB,96 vCPUs,EBS only,100 Gigabit,$8.112 hourly,$5.119 hourly,$1.5881 hourly,$12.528 hourly,$5.119 hourly
R5N Extra Large,r5n.xlarge,"59,946.049",Memory optimized,20.0 fps,32 GiB,4 vCPUs,EBS only,Up to 25 Gigabit,$0.338 hourly,$0.213 hourly,$0.116 hourly,$0.522 hourly,$0.213 hourly
R6A 12xlarge Extra Large,r6a.12xlarge,"1,064,183.572",Memory optimized,217.0 fps,384 GiB,48 vCPUs,EBS only,18.75 Gigabit,$3.024 hourly,$2.0004 hourly,$0.7432 hourly,$5.232 hourly,$4.2084 hourly
R6A 16xlarge Extra Large,r6a.16xlarge,"1,375,456.695",Memory optimized,225.0 fps,512 GiB,64 vCPUs,EBS only,25 Gigabit,$4.032 hourly,$2.6672 hourly,$1.1287 hourly,$6.976 hourly,$5.6112 hourly
R6A 24xlarge,r6a.24xlarge,"1,818,526.236",Memory optimized,239.0 fps,768 GiB,96 vCPUs,EBS only,37.5 Gigabit,$6.048 hourly,$4.0008 hourly,$1.2846 hourly,$10.464 hourly,$8.4168 hourly
R6A Double Extra Large,r6a.2xlarge,"161,567.202",Memory optimized,65.0 fps,64 GiB,8 vCPUs,EBS only,Up to 12.5 Gigabit,$0.504 hourly,$0.3334 hourly,$0.2499 hourly,$0.872 hourly,$0.7014 hourly
R6A 32xlarge,r6a.32xlarge,"2,310,469.314",Memory optimized,236.0 fps,1024 GiB,128 vCPUs,EBS only,50 Gigabit,$8.064 hourly,$5.3343 hourly,$2.7651 hourly,$13.952 hourly,$11.2223 hourly
R6A 48xlarge,r6a.48xlarge,"3,727,431.567",Memory optimized,248.0 fps,1536 GiB,192 vCPUs,EBS only,50 Gigabit,$12.096 hourly,$8.0015 hourly,$2.2296 hourly,$20.928 hourly,$16.8335 hourly
R6A Quadruple Extra Large,r6a.4xlarge,"348,337.234",Memory optimized,122.0 fps,128 GiB,16 vCPUs,EBS only,Up to 12.5 Gigabit,$1.008 hourly,$0.6668 hourly,$0.4692 hourly,$1.744 hourly,$1.4028 hourly
R6A Eight Extra Large,r6a.8xlarge,"648,068.452",Memory optimized,195.0 fps,256 GiB,32 vCPUs,EBS only,12.5 Gigabit,$2.016 hourly,$1.3336 hourly,$0.9708 hourly,$3.488 hourly,$2.8056 hourly
R6A Large,r6a.large,"42,316.847",Memory optimized,17.0 fps,16 GiB,2 vCPUs,EBS only,Up to 12.5 Gigabit,$0.126 hourly,$0.0834 hourly,$0.0474 hourly,$0.218 hourly,$0.1754 hourly
R6A Metal,r6a.metal,"3,807,509.254",Memory optimized,250.0 fps,1536 GiB,192 vCPUs,EBS only,50 Gigabit,$12.096 hourly,$8.0015 hourly,$1.2096 hourly,$20.928 hourly,$16.8335 hourly
R6A Extra Large,r6a.xlarge,"79,168.728",Memory optimized,34.0 fps,32 GiB,4 vCPUs,EBS only,Up to 12.5 Gigabit,$0.252 hourly,$0.1667 hourly,$0.1263 hourly,$0.436 hourly,$0.3507 hourly
R6G 12xlarge Extra Large,r6g.12xlarge,"926,402.47",Memory optimized,173.0 fps,384 GiB,48 vCPUs,EBS only,20 Gigabit,$2.688 hourly,$1.6934 hourly,$0.4754 hourly,,
R6G 16xlarge Extra Large,r6g.16xlarge,"1,273,547.36",Memory optimized,176.0 fps,512 GiB,64 vCPUs,EBS only,25 Gigabit,$3.584 hourly,$2.2579 hourly,$0.6439 hourly,,
R6G Double Extra Large,r6g.2xlarge,"152,400.305",Memory optimized,50.0 fps,64 GiB,8 vCPUs,EBS only,Up to 10 Gigabit,$0.448 hourly,$0.2822 hourly,$0.0879 hourly,,
R6G Quadruple Extra Large,r6g.4xlarge,"312,134.218",Memory optimized,92.0 fps,128 GiB,16 vCPUs,EBS only,Up to 10 Gigabit,$0.896 hourly,$0.5645 hourly,$0.194 hourly,,
R6G Eight Extra Large,r6g.8xlarge,"642,054.575",Memory optimized,151.0 fps,256 GiB,32 vCPUs,EBS only,12 Gigabit,$1.792 hourly,$1.129 hourly,$0.3151 hourly,,
R6G Large,r6g.large,"39,267.016",Memory optimized,13.0 fps,16 GiB,2 vCPUs,EBS only,Up to 10 Gigabit,$0.112 hourly,$0.0706 hourly,$0.0389 hourly,,
R6G Medium,r6g.medium,"19,841.27",Memory optimized,7.0 fps,8 GiB,1 vCPUs,EBS only,Up to 10 Gigabit,$0.056 hourly,$0.0353 hourly,$0.0122 hourly,,
R6G Metal,r6g.metal,"1,222,229.295",Memory optimized,178.0 fps,512 GiB,64 vCPUs,EBS only,25 Gigabit,$3.584 hourly,$2.2579 hourly,$0.788 hourly,,
R6G Extra Large,r6g.xlarge,"79,507.056",Memory optimized,26.0 fps,32 GiB,4 vCPUs,EBS only,Up to 10 Gigabit,$0.224 hourly,$0.1411 hourly,$0.0409 hourly,,
R6GD 12xlarge Extra Large,r6gd.12xlarge,"931,556.476",Memory optimized,172.0 fps,384 GiB,48 vCPUs,2850 GB (2×1425 GB NVMe SSD),20 Gigabit,$3.12 hourly,$1.9656 hourly,$0.6435 hourly,,
R6GD 16xlarge Extra Large,r6gd.16xlarge,"1,245,620.864",Memory optimized,175.0 fps,512 GiB,64 vCPUs,3800 GB (2×1900 GB NVMe SSD),25 Gigabit,$4.16 hourly,$2.6208 hourly,$1.9388 hourly,,
R6GD Double Extra Large,r6gd.2xlarge,"151,343.171",Memory optimized,42.0 fps,64 GiB,8 vCPUs,474 GB NVMe SSD,Up to 10 Gigabit,$0.52 hourly,$0.3276 hourly,$0.166 hourly,,
R6GD Quadruple Extra Large,r6gd.4xlarge,"309,937.367",Memory optimized,94.0 fps,128 GiB,16 vCPUs,950 GB NVMe SSD,Up to 10 Gigabit,$1.04 hourly,$0.6552 hourly,$0.3174 hourly,,
R6GD Eight Extra Large,r6gd.8xlarge,"630,376.256",Memory optimized,151.0 fps,256 GiB,32 vCPUs,1900 GB NVMe SSD,12 Gigabit,$2.08 hourly,$1.3104 hourly,$0.6872 hourly,,
R6GD Large,r6gd.large,"39,110.879",Memory optimized,13.0 fps,16 GiB,2 vCPUs,118 GB NVMe SSD,Up to 10 Gigabit,$0.13 hourly,$0.0819 hourly,$0.0429 hourly,,
R6GD Medium,r6gd.medium,"19,801.98",Memory optimized,6.8 fps,8 GiB,1 vCPUs,59 GB NVMe SSD,Up to 10 Gigabit,$0.065 hourly,$0.041 hourly,$0.0129 hourly,,
R6GD Metal,r6gd.metal,"1,302,489.655",Memory optimized,178.0 fps,512 GiB,64 vCPUs,3800 GB (2×1900 GB NVMe SSD),25 Gigabit,$4.16 hourly,$2.6208 hourly,$0.7949 hourly,,
R6GD Extra Large,r6gd.xlarge,"80,488.296",Memory optimized,25.0 fps,32 GiB,4 vCPUs,237 GB NVMe SSD,Up to 10 Gigabit,$0.26 hourly,$0.1638 hourly,$0.0848 hourly,,
R6I 12xlarge Extra Large,r6i.12xlarge,"845,256.438",Memory optimized,218.0 fps,384 GiB,48 vCPUs,EBS only,18.75 Gigabit,$3.36 hourly,$2.2226 hourly,$0.8419 hourly,$5.568 hourly,$2.2226 hourly
R6I 16xlarge Extra Large,r6i.16xlarge,"1,080,077.631",Memory optimized,187.0 fps,512 GiB,64 vCPUs,EBS only,25 Gigabit,$4.48 hourly,$2.9635 hourly,$0.94 hourly,$7.424 hourly,$2.9635 hourly
R6I 24xlarge,r6i.24xlarge,"1,705,908.485",Memory optimized,239.0 fps,768 GiB,96 vCPUs,EBS only,37.5 Gigabit,$6.72 hourly,$4.4453 hourly,$1.3266 hourly,$11.136 hourly,$4.4453 hourly
R6I Double Extra Large,r6i.2xlarge,"136,693.721",Memory optimized,55.0 fps,64 GiB,8 vCPUs,EBS only,Up to 12.5 Gigabit,$0.56 hourly,$0.3704 hourly,$0.2062 hourly,$0.928 hourly,$0.7384 hourly
R6I 32xlarge,r6i.32xlarge,"2,279,100.824",Memory optimized,222.0 fps,1024 GiB,128 vCPUs,EBS only,50 Gigabit,$8.96 hourly,$5.927 hourly,$2.0226 hourly,$14.848 hourly,$11.815 hourly
R6I Quadruple Extra Large,r6i.4xlarge,"267,524.976",Memory optimized,107.0 fps,128 GiB,16 vCPUs,EBS only,Up to 12.5 Gigabit,$1.12 hourly,$0.7409 hourly,$0.2341 hourly,$1.856 hourly,$0.7409 hourly
R6I Eight Extra Large,r6i.8xlarge,"547,219.016",Memory optimized,184.0 fps,256 GiB,32 vCPUs,EBS only,12.5 Gigabit,$2.24 hourly,$1.4818 hourly,$0.8444 hourly,$3.712 hourly,$2.9538 hourly
R6I Large,r6i.large,"36,253.776",Memory optimized,11.0 fps,16 GiB,2 vCPUs,EBS only,Up to 12.5 Gigabit,$0.14 hourly,$0.0926 hourly,$0.0301 hourly,$0.232 hourly,$0.1846 hourly
R6I Metal,r6i.metal,"2,266,389.27",Memory optimized,145.0 fps,1024 GiB,128 vCPUs,EBS only,50 Gigabit,$8.96 hourly,$5.927 hourly,$1.1598 hourly,$14.848 hourly,$11.815 hourly
R6I Extra Large,r6i.xlarge,"66,126.633",Memory optimized,28.0 fps,32 GiB,4 vCPUs,EBS only,Up to 12.5 Gigabit,$0.28 hourly,$0.1852 hourly,$0.0918 hourly,$0.464 hourly,$0.3692 hourly
R6ID 12xlarge Extra Large,r6id.12xlarge,,Memory optimized,,384 GiB,48 vCPUs,2850 GB (2×1425 GB NVMe SSD),18.75 Gigabit,,,,,
R6ID 16xlarge Extra Large,r6id.16xlarge,,Memory optimized,,512 GiB,64 vCPUs,3800 GB (2×1900 GB NVMe SSD),25 Gigabit,,,,,
R6ID 24xlarge,r6id.24xlarge,,Memory optimized,,768 GiB,96 vCPUs,5700 GB (4×1425 GB NVMe SSD),37.5 Gigabit,,,,,
R6ID Double Extra Large,r6id.2xlarge,,Memory optimized,,64 GiB,8 vCPUs,474 GB NVMe SSD,Up to 12.5 Gigabit,,,,,
R6ID 32xlarge,r6id.32xlarge,,Memory optimized,,1024 GiB,128 vCPUs,7600 GB (4×1900 GB NVMe SSD),50 Gigabit,,,,,
R6ID Quadruple Extra Large,r6id.4xlarge,,Memory optimized,,128 GiB,16 vCPUs,950 GB NVMe SSD,Up to 12.5 Gigabit,,,,,
R6ID Eight Extra Large,r6id.8xlarge,,Memory optimized,,256 GiB,32 vCPUs,1900 GB NVMe SSD,12.5 Gigabit,,,,,
R6ID Large,r6id.large,,Memory optimized,,16 GiB,2 vCPUs,118 GB NVMe SSD,Up to 12.5 Gigabit,,,,,
R6ID Metal,r6id.metal,,Memory optimized,,1024 GiB,128 vCPUs,7600 GB (4×1900 GB NVMe SSD),50 Gigabit,,,,,
R6ID Extra Large,r6id.xlarge,,Memory optimized,,32 GiB,4 vCPUs,237 GB NVMe SSD,Up to 12.5 Gigabit,,,,,
R6IDN 12xlarge Extra Large,r6idn.12xlarge,,Memory optimized,,384 GiB,48 vCPUs,2850 GB (2×1425 GB NVMe SSD),75 Gigabit,,,,,
R6IDN 16xlarge Extra Large,r6idn.16xlarge,,Memory optimized,,512 GiB,64 vCPUs,3800 GB (2×1900 GB NVMe SSD),100 Gigabit,,,,,
R6IDN 24xlarge,r6idn.24xlarge,,Memory optimized,,768 GiB,96 vCPUs,5700 GB (4×1425 GB NVMe SSD),150 Gigabit,,,,,
R6IDN Double Extra Large,r6idn.2xlarge,,Memory optimized,,64 GiB,8 vCPUs,474 GB NVMe SSD,Up to 40 Gigabit,,,,,
R6IDN 32xlarge,r6idn.32xlarge,,Memory optimized,,1024 GiB,128 vCPUs,7600 GB (4×1900 GB NVMe SSD),200 Gigabit,,,,,
R6IDN Quadruple Extra Large,r6idn.4xlarge,,Memory optimized,,128 GiB,16 vCPUs,950 GB NVMe SSD,Up to 50 Gigabit,,,,,
R6IDN Eight Extra Large,r6idn.8xlarge,,Memory optimized,,256 GiB,32 vCPUs,1900 GB NVMe SSD,50 Gigabit,,,,,
R6IDN Large,r6idn.large,,Memory optimized,,16 GiB,2 vCPUs,118 GB NVMe SSD,Up to 25 Gigabit,,,,,
R6IDN Metal,r6idn.metal,,Memory optimized,,1024 GiB,128 vCPUs,7600 GB (4×1900 GB NVMe SSD),200 Gigabit,,,,,
R6IDN Extra Large,r6idn.xlarge,,Memory optimized,,32 GiB,4 vCPUs,237 GB NVMe SSD,Up to 30 Gigabit,,,,,
R6IN 12xlarge Extra Large,r6in.12xlarge,,Memory optimized,,384 GiB,48 vCPUs,EBS only,75 Gigabit,,,,,
R6IN 16xlarge Extra Large,r6in.16xlarge,,Memory optimized,,512 GiB,64 vCPUs,EBS only,100 Gigabit,,,,,
R6IN 24xlarge,r6in.24xlarge,,Memory optimized,,768 GiB,96 vCPUs,EBS only,150 Gigabit,,,,,
R6IN Double Extra Large,r6in.2xlarge,,Memory optimized,,64 GiB,8 vCPUs,EBS only,Up to 40 Gigabit,,,,,
R6IN 32xlarge,r6in.32xlarge,,Memory optimized,,1024 GiB,128 vCPUs,EBS only,200 Gigabit,,,,,
R6IN Quadruple Extra Large,r6in.4xlarge,,Memory optimized,,128 GiB,16 vCPUs,EBS only,Up to 50 Gigabit,,,,,
R6IN Eight Extra Large,r6in.8xlarge,,Memory optimized,,256 GiB,32 vCPUs,EBS only,50 Gigabit,,,,,
R6IN Large,r6in.large,,Memory optimized,,16 GiB,2 vCPUs,EBS only,Up to 25 Gigabit,,,,,
R6IN Metal,r6in.metal,,Memory optimized,,1024 GiB,128 vCPUs,EBS only,200 Gigabit,,,,,
R6IN Extra Large,r6in.xlarge,,Memory optimized,,32 GiB,4 vCPUs,EBS only,Up to 30 Gigabit,,,,,
R7A 12xlarge Extra Large,r7a.12xlarge,"1,627,394.474",Memory optimized,315.0 fps,384 GiB,48 vCPUs,EBS only,18.75 Gigabit,,,,,
R7A 16xlarge Extra Large,r7a.16xlarge,"1,992,631.415",Memory optimized,309.0 fps,512 GiB,64 vCPUs,EBS only,25 Gigabit,,,,,
R7A 24xlarge,r7a.24xlarge,"2,791,373.879",Memory optimized,308.0 fps,768 GiB,96 vCPUs,EBS only,37.5 Gigabit,,,,,
R7A Double Extra Large,r7a.2xlarge,"255,699.979",Memory optimized,104.0 fps,64 GiB,8 vCPUs,EBS only,Up to 12.5 Gigabit,,,,,
R7A 32xlarge,r7a.32xlarge,"4,237,708.989",Memory optimized,310.0 fps,1024 GiB,128 vCPUs,EBS only,50 Gigabit,,,,,
R7A 48xlarge,r7a.48xlarge,"5,477,107.403",Memory optimized,305.0 fps,1536 GiB,192 vCPUs,EBS only,50 Gigabit,,,,,
R7A Quadruple Extra Large,r7a.4xlarge,"513,506.285",Memory optimized,178.0 fps,128 GiB,16 vCPUs,EBS only,Up to 12.5 Gigabit,,,,,
R7A Eight Extra Large,r7a.8xlarge,"1,076,112.543",Memory optimized,284.0 fps,256 GiB,32 vCPUs,EBS only,12.5 Gigabit,,,,,
R7A Large,r7a.large,"65,782.261",Memory optimized,27.0 fps,16 GiB,2 vCPUs,EBS only,Up to 12.5 Gigabit,,,,,
R7A Medium,r7a.medium,"35,377.358",Memory optimized,15.0 fps,8 GiB,1 vCPUs,EBS only,Up to 12.5 Gigabit,,,,,
R7A Metal-48xl,r7a.metal-48xl,"6,200,215.285",Memory optimized,293.0 fps,1536 GiB,192 vCPUs,EBS only,50 Gigabit,,,,,
R7A Extra Large,r7a.xlarge,"136,892.539",Memory optimized,55.0 fps,32 GiB,4 vCPUs,EBS only,Up to 12.5 Gigabit,,,,,
R7G 12xlarge Extra Large,r7g.12xlarge,"1,184,600.197",Memory optimized,239.0 fps,384 GiB,48 vCPUs,EBS only,22.5 Gigabit,$2.856 hourly,$1.8892 hourly,$0.9414 hourly,,
R7G 16xlarge Extra Large,r7g.16xlarge,"1,652,572.461",Memory optimized,223.0 fps,512 GiB,64 vCPUs,EBS only,30 Gigabit,$3.808 hourly,$2.519 hourly,$0.739 hourly,,
R7G Double Extra Large,r7g.2xlarge,"196,963.48",Memory optimized,72.0 fps,64 GiB,8 vCPUs,EBS only,Up to 15 Gigabit,$0.476 hourly,$0.3149 hourly,$0.1159 hourly,,
R7G Quadruple Extra Large,r7g.4xlarge,"411,073.287",Memory optimized,132.0 fps,128 GiB,16 vCPUs,EBS only,Up to 15 Gigabit,$0.952 hourly,$0.6297 hourly,$0.2638 hourly,,
R7G Eight Extra Large,r7g.8xlarge,"833,767.587",Memory optimized,206.0 fps,256 GiB,32 vCPUs,EBS only,15 Gigabit,$1.904 hourly,$1.2595 hourly,$0.6318 hourly,,
R7G Large,r7g.large,"49,239.86",Memory optimized,19.0 fps,16 GiB,2 vCPUs,EBS only,Up to 12.5 Gigabit,$0.119 hourly,$0.0787 hourly,$0.0413 hourly,,
R7G Medium,r7g.medium,"26,471.367",Memory optimized,10.0 fps,8 GiB,1 vCPUs,EBS only,Up to 12.5 Gigabit,$0.0595 hourly,$0.0394 hourly,$0.0194 hourly,,
R7G Metal,r7g.metal,"1,531,008.911",Memory optimized,245.0 fps,512 GiB,64 vCPUs,EBS only,30 Gigabit,$3.808 hourly,$2.519 hourly,$0.5011 hourly,,
R7G Extra Large,r7g.xlarge,"102,570.678",Memory optimized,38.0 fps,32 GiB,4 vCPUs,EBS only,Up to 12.5 Gigabit,$0.238 hourly,$0.1574 hourly,$0.0449 hourly,,
R7GD 12xlarge Extra Large,r7gd.12xlarge,"1,239,589.386",Memory optimized,239.0 fps,384 GiB,48 vCPUs,2850 GB (2×1425 GB NVMe SSD),22.5 Gigabit,$3.6742 hourly,$2.3147 hourly,$0.6614 hourly,,
R7GD 16xlarge Extra Large,r7gd.16xlarge,"1,587,695.361",Memory optimized,242.0 fps,512 GiB,64 vCPUs,3800 GB (2×1900 GB NVMe SSD),30 Gigabit,$4.8989 hourly,$3.0863 hourly,$1.9079 hourly,,
R7GD Double Extra Large,r7gd.2xlarge,"203,977.562",Memory optimized,73.0 fps,64 GiB,8 vCPUs,474 GB NVMe SSD,Up to 15 Gigabit,$0.6124 hourly,$0.3858 hourly,$0.2156 hourly,,
R7GD Quadruple Extra Large,r7gd.4xlarge,"401,782.912",Memory optimized,133.0 fps,128 GiB,16 vCPUs,950 GB NVMe SSD,Up to 15 Gigabit,$1.2247 hourly,$0.7716 hourly,$0.4366 hourly,,
R7GD Eight Extra Large,r7gd.8xlarge,"817,891.374",Memory optimized,208.0 fps,256 GiB,32 vCPUs,1900 GB NVMe SSD,15 Gigabit,$2.4494 hourly,$1.5431 hourly,$0.5684 hourly,,
R7GD Large,r7gd.large,"52,160.306",Memory optimized,19.0 fps,16 GiB,2 vCPUs,118 GB NVMe SSD,Up to 12.5 Gigabit,$0.1531 hourly,$0.0964 hourly,$0.0381 hourly,,
R7GD Medium,r7gd.medium,"25,953.802",Memory optimized,10.0 fps,8 GiB,1 vCPUs,59 GB NVMe SSD,Up to 12.5 Gigabit,$0.0765 hourly,$0.0482 hourly,$0.014 hourly,,
R7GD Metal,r7gd.metal,"1,648,316.271",Memory optimized,245.0 fps,512 GiB,64 vCPUs,3800 GB (2×1900 GB NVMe SSD),30 Gigabit,$4.8989 hourly,$3.0863 hourly,$0.4899 hourly,,
R7GD Extra Large,r7gd.xlarge,"96,354.585",Memory optimized,38.0 fps,32 GiB,4 vCPUs,237 GB NVMe SSD,Up to 12.5 Gigabit,$0.3062 hourly,$0.1929 hourly,$0.1129 hourly,,
R7I 12xlarge Extra Large,r7i.12xlarge,"1,058,395.502",Memory optimized,232.0 fps,384 GiB,48 vCPUs,EBS only,18.75 Gigabit,$3.528 hourly,$2.3338 hourly,$0.9766 hourly,$5.736 hourly,$4.5418 hourly
R7I 16xlarge Extra Large,r7i.16xlarge,"1,431,874.114",Memory optimized,235.0 fps,512 GiB,64 vCPUs,EBS only,25 Gigabit,$4.704 hourly,$3.1117 hourly,$0.8733 hourly,$7.648 hourly,$6.0557 hourly
R7I 24xlarge,r7i.24xlarge,"1,947,327.496",Memory optimized,258.0 fps,768 GiB,96 vCPUs,EBS only,37.5 Gigabit,$7.056 hourly,$4.6675 hourly,$1.5069 hourly,$11.472 hourly,$9.0835 hourly
R7I Double Extra Large,r7i.2xlarge,"187,214.79",Memory optimized,65.0 fps,64 GiB,8 vCPUs,EBS only,Up to 12.5 Gigabit,$0.588 hourly,$0.389 hourly,$0.1354 hourly,$0.956 hourly,$0.757 hourly
R7I 48xlarge,r7i.48xlarge,"3,921,435.136",Memory optimized,269.0 fps,1536 GiB,192 vCPUs,EBS only,50 Gigabit,$14.112 hourly,$9.3351 hourly,$2.5137 hourly,$22.944 hourly,$18.1671 hourly
R7I Quadruple Extra Large,r7i.4xlarge,"374,035.689",Memory optimized,129.0 fps,128 GiB,16 vCPUs,EBS only,Up to 12.5 Gigabit,$1.176 hourly,$0.7779 hourly,$0.2546 hourly,$1.912 hourly,$1.5139 hourly
R7I Eight Extra Large,r7i.8xlarge,"763,358.779",Memory optimized,218.0 fps,256 GiB,32 vCPUs,EBS only,12.5 Gigabit,$2.352 hourly,$1.5559 hourly,$1.0038 hourly,$3.824 hourly,$3.0279 hourly
R7I Large,r7i.large,"48,385.146",Memory optimized,17.0 fps,16 GiB,2 vCPUs,EBS only,Up to 12.5 Gigabit,$0.147 hourly,$0.0972 hourly,$0.0307 hourly,$0.239 hourly,$0.1892 hourly
R7I Metal-24xl,r7i.metal-24xl,"2,100,043.751",Memory optimized,270.0 fps,768 GiB,96 vCPUs,EBS only,37.5 Gigabit,$7.056 hourly,$4.6675 hourly,$1.5754 hourly,$11.472 hourly,$9.0835 hourly
R7I Metal-48xl,r7i.metal-48xl,"3,999,722.242",Memory optimized,311.0 fps,1536 GiB,192 vCPUs,EBS only,50 Gigabit,$14.112 hourly,$9.3351 hourly,$1.4112 hourly,$22.944 hourly,$18.1671 hourly
R7I Extra Large,r7i.xlarge,"95,166.343",Memory optimized,35.0 fps,32 GiB,4 vCPUs,EBS only,Up to 12.5 Gigabit,$0.294 hourly,$0.1945 hourly,$0.064 hourly,$0.478 hourly,$0.3785 hourly
R7IZ 12xlarge Extra Large,r7iz.12xlarge,,Memory optimized,,384 GiB,48 vCPUs,EBS only,25 Gigabit,,,,,
R7IZ 16xlarge Extra Large,r7iz.16xlarge,,Memory optimized,,512 GiB,64 vCPUs,EBS only,25 Gigabit,,,,,
R7IZ Double Extra Large,r7iz.2xlarge,,Memory optimized,,64 GiB,8 vCPUs,EBS only,Up to 12.5 Gigabit,,,,,
R7IZ 32xlarge,r7iz.32xlarge,,Memory optimized,,1024 GiB,128 vCPUs,EBS only,50 Gigabit,,,,,
R7IZ Quadruple Extra Large,r7iz.4xlarge,,Memory optimized,,128 GiB,16 vCPUs,EBS only,Up to 12.5 Gigabit,,,,,
R7IZ Eight Extra Large,r7iz.8xlarge,,Memory optimized,,256 GiB,32 vCPUs,EBS only,12.5 Gigabit,,,,,
R7IZ Large,r7iz.large,,Memory optimized,,16 GiB,2 vCPUs,EBS only,Up to 12.5 Gigabit,,,,,
R7IZ Metal-16xl,r7iz.metal-16xl,,Memory optimized,,512 GiB,64 vCPUs,EBS only,25 Gigabit,,,,,
R7IZ Metal-32xl,r7iz.metal-32xl,,Memory optimized,,1024 GiB,128 vCPUs,EBS only,50 Gigabit,,,,,
R7IZ Extra Large,r7iz.xlarge,,Memory optimized,,32 GiB,4 vCPUs,EBS only,Up to 12.5 Gigabit,,,,,
R8A 12xlarge Extra Large,r8a.12xlarge,"2,242,323.863",Memory optimized,402.0 fps,384 GiB,48 vCPUs,EBS only,22.5 Gigabit,,,,,
R8A 16xlarge Extra Large,r8a.16xlarge,"2,858,767.157",Memory optimized,422.0 fps,512 GiB,64 vCPUs,EBS only,30 Gigabit,,,,,
R8A 24xlarge,r8a.24xlarge,"3,843,494.086",Memory optimized,417.0 fps,768 GiB,96 vCPUs,EBS only,40 Gigabit,,,,,
R8A Double Extra Large,r8a.2xlarge,"390,019.058",Memory optimized,136.0 fps,64 GiB,8 vCPUs,EBS only,Up to 15 Gigabit,,,,,
R8A 48xlarge,r8a.48xlarge,"7,250,506.368",Memory optimized,415.0 fps,1536 GiB,192 vCPUs,EBS only,75 Gigabit,,,,,
R8A Quadruple Extra Large,r8a.4xlarge,"732,992.288",Memory optimized,227.0 fps,128 GiB,16 vCPUs,EBS only,Up to 15 Gigabit,,,,,
R8A Eight Extra Large,r8a.8xlarge,"1,530,501.326",Memory optimized,369.0 fps,256 GiB,32 vCPUs,EBS only,15 Gigabit,,,,,
R8A Large,r8a.large,"90,096.854",Memory optimized,35.0 fps,16 GiB,2 vCPUs,EBS only,Up to 12.5 Gigabit,,,,,
R8A Medium,r8a.medium,"44,859.813",Memory optimized,20.0 fps,8 GiB,1 vCPUs,EBS only,Up to 12.5 Gigabit,,,,,
R8A Metal-24xl,r8a.metal-24xl,"4,039,940.319",Memory optimized,434.0 fps,768 GiB,96 vCPUs,EBS only,40 Gigabit,,,,,
R8A Metal-48xl,r8a.metal-48xl,"6,825,673.841",Memory optimized,425.0 fps,1536 GiB,192 vCPUs,EBS only,75 Gigabit,,,,,
R8A Extra Large,r8a.xlarge,"190,682.557",Memory optimized,72.0 fps,32 GiB,4 vCPUs,EBS only,Up to 12.5 Gigabit,,,,,
R8G 12xlarge Extra Large,r8g.12xlarge,"1,430,913.698",Memory optimized,291.0 fps,384 GiB,48 vCPUs,EBS only,22.5 Gigabit,$3.1416 hourly,$2.0782 hourly,$1.0394 hourly,,
R8G 16xlarge Extra Large,r8g.16xlarge,"2,040,490.993",Memory optimized,297.0 fps,512 GiB,64 vCPUs,EBS only,30 Gigabit,$4.1888 hourly,$2.7709 hourly,$1.4258 hourly,,
R8G 24xlarge,r8g.24xlarge,"2,903,811.252",Memory optimized,297.0 fps,768 GiB,96 vCPUs,EBS only,40 Gigabit,$6.2832 hourly,$4.1563 hourly,$1.1913 hourly,,
R8G Double Extra Large,r8g.2xlarge,"240,583.415",Memory optimized,88.0 fps,64 GiB,8 vCPUs,EBS only,Up to 15 Gigabit,$0.5236 hourly,$0.3464 hourly,$0.2067 hourly,,
R8G 48xlarge,r8g.48xlarge,"5,455,707.892",Memory optimized,277.0 fps,1536 GiB,192 vCPUs,EBS only,50 Gigabit,$12.5664 hourly,$8.3127 hourly,$2.912 hourly,,
R8G Quadruple Extra Large,r8g.4xlarge,"476,013.388",Memory optimized,157.0 fps,128 GiB,16 vCPUs,EBS only,Up to 15 Gigabit,$1.0472 hourly,$0.6927 hourly,$0.4585 hourly,,
R8G Eight Extra Large,r8g.8xlarge,"961,033.111",Memory optimized,248.0 fps,256 GiB,32 vCPUs,EBS only,15 Gigabit,$2.0944 hourly,$1.3855 hourly,$0.8711 hourly,,
R8G Large,r8g.large,"63,582.896",Memory optimized,22.0 fps,16 GiB,2 vCPUs,EBS only,Up to 12.5 Gigabit,$0.1309 hourly,$0.0866 hourly,$0.0498 hourly,,
R8G Medium,r8g.medium,"30,926.241",Memory optimized,12.0 fps,8 GiB,1 vCPUs,EBS only,Up to 12.5 Gigabit,$0.0655 hourly,$0.0433 hourly,$0.0137 hourly,,
R8G Metal-24xl,r8g.metal-24xl,"2,969,837.587",Memory optimized,299.0 fps,768 GiB,96 vCPUs,EBS only,40 Gigabit,$6.2832 hourly,$4.1563 hourly,$0.6283 hourly,,
R8G Metal-48xl,r8g.metal-48xl,"4,025,157.233",Memory optimized,281.0 fps,1536 GiB,192 vCPUs,EBS only,50 Gigabit,$12.5664 hourly,$8.3127 hourly,$1.2566 hourly,,
R8G Extra Large,r8g.xlarge,"122,100.122",Memory optimized,46.0 fps,32 GiB,4 vCPUs,EBS only,Up to 12.5 Gigabit,$0.2618 hourly,$0.1732 hourly,$0.0912 hourly,,
R8GB 12xlarge Extra Large,r8gb.12xlarge,,Memory optimized,,384 GiB,48 vCPUs,EBS only,100 Gigabit,,,,,
R8GB 16xlarge Extra Large,r8gb.16xlarge,,Memory optimized,,512 GiB,64 vCPUs,EBS only,133.33 Gigabit,,,,,
R8GB 24xlarge,r8gb.24xlarge,,Memory optimized,,768 GiB,96 vCPUs,EBS only,200 Gigabit,,,,,
R8GB Double Extra Large,r8gb.2xlarge,,Memory optimized,,64 GiB,8 vCPUs,EBS only,Up to 33.33 Gigabit,,,,,
R8GB 48xlarge,r8gb.48xlarge,"5,215,619.694",Memory optimized,117.0 fps,1536 GiB,192 vCPUs,EBS only,400 Gigabit,,,,,
R8GB Quadruple Extra Large,r8gb.4xlarge,,Memory optimized,,128 GiB,16 vCPUs,EBS only,33.33 Gigabit,,,,,
R8GB Eight Extra Large,r8gb.8xlarge,,Memory optimized,,256 GiB,32 vCPUs,EBS only,66.66 Gigabit,,,,,
R8GB Large,r8gb.large,,Memory optimized,,16 GiB,2 vCPUs,EBS only,Up to 20 Gigabit,,,,,
R8GB Medium,r8gb.medium,,Memory optimized,,8 GiB,1 vCPUs,EBS only,Up to 16.66 Gigabit,,,,,
R8GB Metal-24xl,r8gb.metal-24xl,,Memory optimized,,768 GiB,96 vCPUs,EBS only,200 Gigabit,,,,,
R8GB Metal-48xl,r8gb.metal-48xl,"4,734,311.429",Memory optimized,117.0 fps,1536 GiB,192 vCPUs,EBS only,400 Gigabit,,,,,
R8GB Extra Large,r8gb.xlarge,,Memory optimized,,32 GiB,4 vCPUs,EBS only,Up to 26.66 Gigabit,,,,,
R8GD 12xlarge Extra Large,r8gd.12xlarge,,Memory optimized,,384 GiB,48 vCPUs,2850 GB (3×950 GB NVMe SSD),22.5 Gigabit,$3.9682 hourly,,$1.1502 hourly,,
R8GD 16xlarge Extra Large,r8gd.16xlarge,,Memory optimized,,512 GiB,64 vCPUs,3800 GB (2×1900 GB NVMe SSD),30 Gigabit,$5.2909 hourly,,$1.0413 hourly,,
R8GD 24xlarge,r8gd.24xlarge,,Memory optimized,,768 GiB,96 vCPUs,5700 GB (3×1900 GB NVMe SSD),40 Gigabit,$7.9363 hourly,,$1.4186 hourly,,
R8GD Double Extra Large,r8gd.2xlarge,,Memory optimized,,64 GiB,8 vCPUs,474 GB NVMe SSD,Up to 15 Gigabit,$0.6614 hourly,,$0.1357 hourly,,
R8GD 48xlarge,r8gd.48xlarge,,Memory optimized,,1536 GiB,192 vCPUs,11400 GB (6×1900 GB NVMe SSD),50 Gigabit,$15.8726 hourly,,$2.7667 hourly,,
R8GD Quadruple Extra Large,r8gd.4xlarge,,Memory optimized,,128 GiB,16 vCPUs,950 GB NVMe SSD,Up to 15 Gigabit,$1.3227 hourly,,$0.4674 hourly,,
R8GD Eight Extra Large,r8gd.8xlarge,,Memory optimized,,256 GiB,32 vCPUs,1900 GB NVMe SSD,15 Gigabit,$2.6454 hourly,,$0.8715 hourly,,
R8GD Large,r8gd.large,,Memory optimized,,16 GiB,2 vCPUs,118 GB NVMe SSD,Up to 12.5 Gigabit,$0.1653 hourly,,$0.049 hourly,,
R8GD Medium,r8gd.medium,,Memory optimized,,8 GiB,1 vCPUs,59 GB NVMe SSD,Up to 12.5 Gigabit,$0.0827 hourly,,$0.0145 hourly,,
R8GD Metal-24xl,r8gd.metal-24xl,,Memory optimized,,768 GiB,96 vCPUs,5700 GB (3×1900 GB NVMe SSD),40 Gigabit,$7.9363 hourly,,$0.7936 hourly,,
R8GD Metal-48xl,r8gd.metal-48xl,,Memory optimized,,1536 GiB,192 vCPUs,11400 GB (6×1900 GB NVMe SSD),50 Gigabit,$15.8726 hourly,,$1.5873 hourly,,
R8GD Extra Large,r8gd.xlarge,,Memory optimized,,32 GiB,4 vCPUs,237 GB NVMe SSD,Up to 12.5 Gigabit,$0.3307 hourly,,$0.0917 hourly,,
R8GN 12xlarge Extra Large,r8gn.12xlarge,,Memory optimized,,384 GiB,48 vCPUs,EBS only,150 Gigabit,,,,,
R8GN 16xlarge Extra Large,r8gn.16xlarge,,Memory optimized,,512 GiB,64 vCPUs,EBS only,200 Gigabit,,,,,
R8GN 24xlarge,r8gn.24xlarge,,Memory optimized,,768 GiB,96 vCPUs,EBS only,300 Gigabit,,,,,
R8GN Double Extra Large,r8gn.2xlarge,,Memory optimized,,64 GiB,8 vCPUs,EBS only,Up to 50 Gigabit,,,,,
R8GN 48xlarge,r8gn.48xlarge,,Memory optimized,,1536 GiB,192 vCPUs,EBS only,600 Gigabit,,,,,
R8GN Quadruple Extra Large,r8gn.4xlarge,,Memory optimized,,128 GiB,16 vCPUs,EBS only,50 Gigabit,,,,,
R8GN Eight Extra Large,r8gn.8xlarge,,Memory optimized,,256 GiB,32 vCPUs,EBS only,100 Gigabit,,,,,
R8GN Large,r8gn.large,,Memory optimized,,16 GiB,2 vCPUs,EBS only,Up to 30 Gigabit,,,,,
R8GN Medium,r8gn.medium,,Memory optimized,,8 GiB,1 vCPUs,EBS only,Up to 25 Gigabit,,,,,
R8GN Metal-24xl,r8gn.metal-24xl,,Memory optimized,,768 GiB,96 vCPUs,EBS only,300 Gigabit,,,,,
R8GN Metal-48xl,r8gn.metal-48xl,,Memory optimized,,1536 GiB,192 vCPUs,EBS only,600 Gigabit,,,,,
R8GN Extra Large,r8gn.xlarge,,Memory optimized,,32 GiB,4 vCPUs,EBS only,Up to 40 Gigabit,,,,,
R8I-FLEX 12xlarge Extra Large,r8i-flex.12xlarge,"1,195,169.523",Memory optimized,266.0 fps,384 GiB,48 vCPUs,EBS only,Up to 22.5 Gigabit,$3.5191 hourly,,$0.9862 hourly,$5.6167 hourly,
R8I-FLEX 16xlarge Extra Large,r8i-flex.16xlarge,"1,527,021.116",Memory optimized,274.0 fps,512 GiB,64 vCPUs,EBS only,Up to 30 Gigabit,$4.6922 hourly,,$1.5091 hourly,$7.489 hourly,
R8I-FLEX Double Extra Large,r8i-flex.2xlarge,"189,536.032",Memory optimized,73.0 fps,64 GiB,8 vCPUs,EBS only,Up to 15 Gigabit,$0.5865 hourly,,$0.1964 hourly,$0.9361 hourly,
R8I-FLEX Quadruple Extra Large,r8i-flex.4xlarge,"374,035.689",Memory optimized,144.0 fps,128 GiB,16 vCPUs,EBS only,Up to 15 Gigabit,$1.173 hourly,,$0.4017 hourly,$1.8722 hourly,
R8I-FLEX Eight Extra Large,r8i-flex.8xlarge,"745,573.159",Memory optimized,232.0 fps,256 GiB,32 vCPUs,EBS only,Up to 15 Gigabit,$2.3461 hourly,,$0.6486 hourly,$3.7445 hourly,
R8I-FLEX Large,r8i-flex.large,"46,481.001",Memory optimized,20.0 fps,16 GiB,2 vCPUs,EBS only,Up to 12.5 Gigabit,$0.1466 hourly,,$0.0422 hourly,$0.234 hourly,
R8I-FLEX Extra Large,r8i-flex.xlarge,"98,871.22",Memory optimized,39.0 fps,32 GiB,4 vCPUs,EBS only,Up to 12.5 Gigabit,$0.2933 hourly,,$0.0896 hourly,$0.4681 hourly,
R8I 12xlarge Extra Large,r8i.12xlarge,"1,169,590.643",Memory optimized,279.0 fps,384 GiB,48 vCPUs,EBS only,22.5 Gigabit,$3.7044 hourly,,$1.6061 hourly,$5.9124 hourly,
R8I 16xlarge Extra Large,r8i.16xlarge,"1,615,753.598",Memory optimized,283.0 fps,512 GiB,64 vCPUs,EBS only,30 Gigabit,$4.9392 hourly,,$1.3146 hourly,$7.8832 hourly,
R8I 24xlarge,r8i.24xlarge,"2,246,270.839",Memory optimized,292.0 fps,768 GiB,96 vCPUs,EBS only,40 Gigabit,$7.4088 hourly,,$1.3841 hourly,$11.8248 hourly,
R8I Double Extra Large,r8i.2xlarge,"189,080.596",Memory optimized,77.0 fps,64 GiB,8 vCPUs,EBS only,Up to 15 Gigabit,$0.6174 hourly,,$0.2193 hourly,$0.9854 hourly,
R8I 32xlarge,r8i.32xlarge,"3,004,342.213",Memory optimized,308.0 fps,1024 GiB,128 vCPUs,EBS only,50 Gigabit,$9.8784 hourly,,$1.8048 hourly,$15.7664 hourly,
R8I 48xlarge,r8i.48xlarge,"4,143,735.837",Memory optimized,333.0 fps,1536 GiB,192 vCPUs,EBS only,75 Gigabit,$14.8176 hourly,,$3.2735 hourly,$23.6496 hourly,
R8I Quadruple Extra Large,r8i.4xlarge,"378,638.479",Memory optimized,142.0 fps,128 GiB,16 vCPUs,EBS only,Up to 15 Gigabit,$1.2348 hourly,,$0.4346 hourly,$1.9708 hourly,
R8I Eight Extra Large,r8i.8xlarge,"759,073.298",Memory optimized,243.0 fps,256 GiB,32 vCPUs,EBS only,15 Gigabit,$2.4696 hourly,,$1.3051 hourly,$3.9416 hourly,
R8I 96xlarge,r8i.96xlarge,"8,925,043.579",Memory optimized,303.0 fps,3072 GiB,384 vCPUs,EBS only,100 Gigabit,$29.6352 hourly,,$5.2266 hourly,$47.2992 hourly,
R8I Large,r8i.large,"44,023.773",Memory optimized,20.0 fps,16 GiB,2 vCPUs,EBS only,Up to 12.5 Gigabit,$0.1544 hourly,,$0.0476 hourly,$0.2464 hourly,
R8I Metal-48xl,r8i.metal-48xl,"4,551,650.566",Memory optimized,301.0 fps,1536 GiB,192 vCPUs,EBS only,75 Gigabit,$14.8176 hourly,,$1.4818 hourly,$23.6496 hourly,
R8I Metal-96xl,r8i.metal-96xl,"9,497,310.332",Memory optimized,172.0 fps,3072 GiB,384 vCPUs,EBS only,100 Gigabit,$29.6352 hourly,,$2.9635 hourly,$47.2992 hourly,
R8I Extra Large,r8i.xlarge,"98,540.371",Memory optimized,39.0 fps,32 GiB,4 vCPUs,EBS only,Up to 12.5 Gigabit,$0.3087 hourly,,$0.1042 hourly,$0.4927 hourly,
R8IB 12xlarge Extra Large,r8ib.12xlarge,"1,145,767.027",Memory optimized,143.0 fps,384 GiB,48 vCPUs,EBS only,50 Gigabit,,,,,
R8IB 16xlarge Extra Large,r8ib.16xlarge,"1,544,960.772",Memory optimized,277.0 fps,512 GiB,64 vCPUs,EBS only,66.66 Gigabit,,,,,
R8IB 24xlarge,r8ib.24xlarge,"2,268,967.147",Memory optimized,267.0 fps,768 GiB,96 vCPUs,EBS only,100 Gigabit,,,,,
R8IB Double Extra Large,r8ib.2xlarge,"195,854.415",Memory optimized,77.0 fps,64 GiB,8 vCPUs,EBS only,Up to 26.66 Gigabit,,,,,
R8IB 32xlarge,r8ib.32xlarge,"3,093,094.907",Memory optimized,120.0 fps,1024 GiB,128 vCPUs,EBS only,133.33 Gigabit,,,,,
R8IB 48xlarge,r8ib.48xlarge,"4,478,395.242",Memory optimized,187.0 fps,1536 GiB,192 vCPUs,EBS only,200 Gigabit,,,,,
R8IB Quadruple Extra Large,r8ib.4xlarge,"386,520.111",Memory optimized,140.0 fps,128 GiB,16 vCPUs,EBS only,Up to 33.33 Gigabit,,,,,
R8IB Eight Extra Large,r8ib.8xlarge,"734,675.136",Memory optimized,194.0 fps,256 GiB,32 vCPUs,EBS only,33.33 Gigabit,,,,,
R8IB 96xlarge,r8ib.96xlarge,"8,830,631.252",Memory optimized,178.0 fps,3072 GiB,384 vCPUs,EBS only,400 Gigabit,,,,,
R8IB Large,r8ib.large,"47,553.002",Memory optimized,20.0 fps,16 GiB,2 vCPUs,EBS only,Up to 16.66 Gigabit,,,,,
R8IB Extra Large,r8ib.xlarge,"97,032.425",Memory optimized,39.0 fps,32 GiB,4 vCPUs,EBS only,Up to 20 Gigabit,,,,,
R8ID 12xlarge Extra Large,r8id.12xlarge,,Memory optimized,,384 GiB,48 vCPUs,2850 GB NVMe SSD,22.5 Gigabit,,,,,
R8ID 16xlarge Extra Large,r8id.16xlarge,,Memory optimized,,512 GiB,64 vCPUs,3800 GB NVMe SSD,30 Gigabit,,,,,
R8ID 24xlarge,r8id.24xlarge,,Memory optimized,,768 GiB,96 vCPUs,5700 GB (2×2850 GB NVMe SSD),40 Gigabit,,,,,
R8ID Double Extra Large,r8id.2xlarge,,Memory optimized,,64 GiB,8 vCPUs,474 GB NVMe SSD,Up to 15 Gigabit,,,,,
R8ID 32xlarge,r8id.32xlarge,,Memory optimized,,1024 GiB,128 vCPUs,7600 GB (2×3800 GB NVMe SSD),50 Gigabit,,,,,
R8ID 48xlarge,r8id.48xlarge,,Memory optimized,,1536 GiB,192 vCPUs,11400 GB (3×3800 GB NVMe SSD),75 Gigabit,,,,,
R8ID Quadruple Extra Large,r8id.4xlarge,,Memory optimized,,128 GiB,16 vCPUs,950 GB NVMe SSD,Up to 15 Gigabit,,,,,
R8ID Eight Extra Large,r8id.8xlarge,,Memory optimized,,256 GiB,32 vCPUs,1900 GB NVMe SSD,15 Gigabit,,,,,
R8ID 96xlarge,r8id.96xlarge,,Memory optimized,,3072 GiB,384 vCPUs,22800 GB (6×3800 GB NVMe SSD),100 Gigabit,,,,,
R8ID Large,r8id.large,,Memory optimized,,16 GiB,2 vCPUs,118 GB NVMe SSD,Up to 12.5 Gigabit,,,,,
R8ID Metal-48xl,r8id.metal-48xl,,Memory optimized,,1536 GiB,192 vCPUs,11400 GB (3×3800 GB NVMe SSD),75 Gigabit,,,,,
R8ID Metal-96xl,r8id.metal-96xl,,Memory optimized,,3072 GiB,384 vCPUs,22800 GB (6×3800 GB NVMe SSD),100 Gigabit,,,,,
R8ID Extra Large,r8id.xlarge,,Memory optimized,,32 GiB,4 vCPUs,237 GB NVMe SSD,Up to 12.5 Gigabit,,,,,
R8IDB 12xlarge Extra Large,r8idb.12xlarge,"1,120,012.445",Memory optimized,276.0 fps,384 GiB,48 vCPUs,2850 GB NVMe SSD,50 Gigabit,,,,,
R8IDB 16xlarge Extra Large,r8idb.16xlarge,"1,518,206.618",Memory optimized,285.0 fps,512 GiB,64 vCPUs,3800 GB NVMe SSD,66.66 Gigabit,,,,,
R8IDB 24xlarge,r8idb.24xlarge,"2,345,849.963",Memory optimized,141.0 fps,768 GiB,96 vCPUs,5700 GB (2×2850 GB NVMe SSD),100 Gigabit,,,,,
R8IDB Double Extra Large,r8idb.2xlarge,"185,945.611",Memory optimized,77.0 fps,64 GiB,8 vCPUs,474 GB NVMe SSD,Up to 26.66 Gigabit,,,,,
R8IDB 32xlarge,r8idb.32xlarge,"3,010,171.086",Memory optimized,304.0 fps,1024 GiB,128 vCPUs,7600 GB (2×3800 GB NVMe SSD),133.33 Gigabit,,,,,
R8IDB 48xlarge,r8idb.48xlarge,"4,517,381.331",Memory optimized,314.0 fps,1536 GiB,192 vCPUs,11400 GB (3×3800 GB NVMe SSD),200 Gigabit,,,,,
R8IDB Quadruple Extra Large,r8idb.4xlarge,"391,309.665",Memory optimized,145.0 fps,128 GiB,16 vCPUs,950 GB NVMe SSD,Up to 33.33 Gigabit,,,,,
R8IDB Eight Extra Large,r8idb.8xlarge,"764,605.153",Memory optimized,204.0 fps,256 GiB,32 vCPUs,1900 GB NVMe SSD,33.33 Gigabit,,,,,
R8IDB 96xlarge,r8idb.96xlarge,"9,041,676.478",Memory optimized,230.0 fps,3072 GiB,384 vCPUs,22800 GB (6×3800 GB NVMe SSD),400 Gigabit,,,,,
R8IDB Large,r8idb.large,"45,325.779",Memory optimized,20.0 fps,16 GiB,2 vCPUs,118 GB NVMe SSD,Up to 16.66 Gigabit,,,,,
R8IDB Extra Large,r8idb.xlarge,"90,764.693",Memory optimized,40.0 fps,32 GiB,4 vCPUs,237 GB NVMe SSD,Up to 20 Gigabit,,,,,
R8IDN 12xlarge Extra Large,r8idn.12xlarge,"1,148,691.768",Memory optimized,242.0 fps,384 GiB,48 vCPUs,2850 GB NVMe SSD,75 Gigabit,,,,,
R8IDN 16xlarge Extra Large,r8idn.16xlarge,"1,545,085.1",Memory optimized,274.0 fps,512 GiB,64 vCPUs,3800 GB NVMe SSD,100 Gigabit,,,,,
R8IDN 24xlarge,r8idn.24xlarge,"2,194,034.967",Memory optimized,278.0 fps,768 GiB,96 vCPUs,5700 GB (2×2850 GB NVMe SSD),150 Gigabit,,,,,
R8IDN Double Extra Large,r8idn.2xlarge,"190,642.625",Memory optimized,77.0 fps,64 GiB,8 vCPUs,474 GB NVMe SSD,Up to 40 Gigabit,,,,,
R8IDN 32xlarge,r8idn.32xlarge,"3,144,963.145",Memory optimized,207.0 fps,1024 GiB,128 vCPUs,7600 GB (2×3800 GB NVMe SSD),200 Gigabit,,,,,
R8IDN 48xlarge,r8idn.48xlarge,"4,316,789.388",Memory optimized,277.0 fps,1536 GiB,192 vCPUs,11400 GB (3×3800 GB NVMe SSD),300 Gigabit,,,,,
R8IDN Quadruple Extra Large,r8idn.4xlarge,"400,367.003",Memory optimized,143.0 fps,128 GiB,16 vCPUs,950 GB NVMe SSD,Up to 50 Gigabit,,,,,
R8IDN Eight Extra Large,r8idn.8xlarge,"768,922.707",Memory optimized,237.0 fps,256 GiB,32 vCPUs,1900 GB NVMe SSD,50 Gigabit,,,,,
R8IDN 96xlarge,r8idn.96xlarge,"8,432,610.486",Memory optimized,283.0 fps,3072 GiB,384 vCPUs,22800 GB (6×3800 GB NVMe SSD),600 Gigabit,,,,,
R8IDN Large,r8idn.large,"46,542.295",Memory optimized,20.0 fps,16 GiB,2 vCPUs,118 GB NVMe SSD,Up to 25 Gigabit,,,,,
R8IDN Extra Large,r8idn.xlarge,"93,321.668",Memory optimized,40.0 fps,32 GiB,4 vCPUs,237 GB NVMe SSD,Up to 30 Gigabit,,,,,
R8IN 12xlarge Extra Large,r8in.12xlarge,"1,205,525.324",Memory optimized,205.0 fps,384 GiB,48 vCPUs,EBS only,75 Gigabit,,,,,
R8IN 16xlarge Extra Large,r8in.16xlarge,"1,583,766.394",Memory optimized,226.0 fps,512 GiB,64 vCPUs,EBS only,100 Gigabit,,,,,
R8IN 24xlarge,r8in.24xlarge,"2,200,320.88",Memory optimized,296.0 fps,768 GiB,96 vCPUs,EBS only,150 Gigabit,,,,,
R8IN Double Extra Large,r8in.2xlarge,"185,722.577",Memory optimized,74.0 fps,64 GiB,8 vCPUs,EBS only,Up to 40 Gigabit,,,,,
R8IN 32xlarge,r8in.32xlarge,"3,151,415.675",Memory optimized,237.0 fps,1024 GiB,128 vCPUs,EBS only,200 Gigabit,,,,,
R8IN 48xlarge,r8in.48xlarge,"4,257,914.287",Memory optimized,321.0 fps,1536 GiB,192 vCPUs,EBS only,300 Gigabit,,,,,
R8IN Quadruple Extra Large,r8in.4xlarge,"376,455.825",Memory optimized,139.0 fps,128 GiB,16 vCPUs,EBS only,Up to 50 Gigabit,,,,,
R8IN Eight Extra Large,r8in.8xlarge,"795,722.989",Memory optimized,230.0 fps,256 GiB,32 vCPUs,EBS only,50 Gigabit,,,,,
R8IN 96xlarge,r8in.96xlarge,"8,889,574.813",Memory optimized,317.0 fps,3072 GiB,384 vCPUs,EBS only,600 Gigabit,,,,,
R8IN Large,r8in.large,"46,818.306",Memory optimized,20.0 fps,16 GiB,2 vCPUs,EBS only,Up to 25 Gigabit,,,,,
R8IN Extra Large,r8in.xlarge,"97,292.038",Memory optimized,39.0 fps,32 GiB,4 vCPUs,EBS only,Up to 30 Gigabit,,,,,
T1 Micro,t1.micro,"23,453.991",Micro instances,,0.613 GiB,1 vCPUs,EBS only,Very Low,$0.025 hourly,$0.017 hourly,$0.005 hourly,$0.035 hourly,$0.025 hourly
T2 Double Extra Large,t2.2xlarge,"165,917.732",General purpose,59.0 fps,32 GiB,8 vCPUs (4h 4.799999999999983m burst),EBS only,Moderate,$0.4416 hourly,$0.321 hourly,$0.1438 hourly,$0.5036 hourly,$0.383 hourly
T2 Large,t2.large,"44,120.891",General purpose,17.0 fps,8 GiB,2 vCPUs (7h 12m burst),EBS only,Low to Moderate,$0.1104 hourly,$0.0803 hourly,$0.0321 hourly,$0.1384 hourly,$0.1083 hourly
T2 Medium,t2.medium,"41,050.903",General purpose,,4 GiB,2 vCPUs (4h 48m burst),EBS only,Low to Moderate,$0.0552 hourly,$0.0401 hourly,$0.0194 hourly,$0.0732 hourly,$0.0581 hourly
T2 Micro,t2.micro,"22,258.495",General purpose,,1 GiB,1 vCPUs (2h 24m burst),EBS only,Low to Moderate,$0.0138 hourly,$0.01 hourly,$0.0029 hourly,$0.0184 hourly,$0.0146 hourly
T2 Nano,t2.nano,"20,638.415",General purpose,,0.5 GiB,1 vCPUs (1h 12m burst),EBS only,Low to Moderate,$0.0069 hourly,$0.005 hourly,,$0.0092 hourly,$0.0073 hourly
T2 Small,t2.small,"22,166.396",General purpose,,2 GiB,1 vCPUs (4h 48m burst),EBS only,Low to Moderate,$0.0276 hourly,$0.0201 hourly,$0.0098 hourly,$0.0368 hourly,$0.0293 hourly
T2 Extra Large,t2.xlarge,"74,985.94",General purpose,28.0 fps,16 GiB,4 vCPUs (5h 24m burst),EBS only,Moderate,$0.2208 hourly,$0.1605 hourly,$0.072 hourly,$0.2618 hourly,$0.2015 hourly
T3 Double Extra Large,t3.2xlarge,"113,426.911",General purpose,45.0 fps,32 GiB,8 vCPUs (9h 36m burst),EBS only,Up to 5 Gigabit,$0.3968 hourly,$0.25 hourly,$0.1199 hourly,$0.544 hourly,$0.3972 hourly
T3 Large,t3.large,"27,292.576",General purpose,9.9 fps,8 GiB,2 vCPUs (7h 12m burst),EBS only,Up to 5 Gigabit,$0.0992 hourly,$0.0625 hourly,$0.0357 hourly,$0.1268 hourly,$0.0901 hourly
T3 Medium,t3.medium,"29,163.021",General purpose,,4 GiB,2 vCPUs (4h 48m burst),EBS only,Up to 5 Gigabit,$0.0496 hourly,$0.0312 hourly,$0.0207 hourly,$0.068 hourly,$0.0496 hourly
T3 Micro,t3.micro,"29,069.767",General purpose,,1 GiB,2 vCPUs (2h 24m burst),EBS only,Up to 5 Gigabit,$0.0124 hourly,$0.0078 hourly,$0.0047 hourly,$0.0216 hourly,$0.017 hourly
T3 Nano,t3.nano,"28,750.779",General purpose,,0.5 GiB,2 vCPUs (1h 12m burst),EBS only,Up to 5 Gigabit,$0.0062 hourly,$0.0039 hourly,$0.002 hourly,$0.0108 hourly,$0.0085 hourly
T3 Small,t3.small,"28,124.121",General purpose,,2 GiB,2 vCPUs (4h 48m burst),EBS only,Up to 5 Gigabit,$0.0248 hourly,$0.0156 hourly,$0.0091 hourly,$0.0432 hourly,$0.034 hourly
T3 Extra Large,t3.xlarge,"53,932.584",General purpose,21.0 fps,16 GiB,4 vCPUs (9h 36m burst),EBS only,Up to 5 Gigabit,$0.1984 hourly,$0.125 hourly,$0.0693 hourly,$0.272 hourly,$0.1986 hourly
T3A Double Extra Large,t3a.2xlarge,"104,760.034",General purpose,36.0 fps,32 GiB,8 vCPUs (9h 36m burst),EBS only,Up to 5 Gigabit,$0.3571 hourly,$0.225 hourly,$0.1167 hourly,$0.5043 hourly,$0.3722 hourly
T3A Large,t3a.large,"25,985.838",General purpose,9.7 fps,8 GiB,2 vCPUs (7h 12m burst),EBS only,Up to 5 Gigabit,$0.0893 hourly,$0.0562 hourly,$0.0342 hourly,$0.1169 hourly,$0.0838 hourly
T3A Medium,t3a.medium,"25,849.813",General purpose,,4 GiB,2 vCPUs (4h 48m burst),EBS only,Up to 5 Gigabit,$0.0446 hourly,$0.0281 hourly,$0.0185 hourly,$0.063 hourly,$0.0465 hourly
T3A Micro,t3a.micro,"25,160.398",General purpose,,1 GiB,2 vCPUs (2h 24m burst),EBS only,Up to 5 Gigabit,$0.0112 hourly,$0.007 hourly,$0.0044 hourly,$0.0204 hourly,$0.0162 hourly
T3A Nano,t3a.nano,"25,859.84",General purpose,,0.5 GiB,2 vCPUs (1h 12m burst),EBS only,Up to 5 Gigabit,$0.0056 hourly,$0.0035 hourly,$0.0019 hourly,$0.0102 hourly,$0.0081 hourly
T3A Small,t3a.small,"26,578.073",General purpose,,2 GiB,2 vCPUs (4h 48m burst),EBS only,Up to 5 Gigabit,$0.0223 hourly,$0.0141 hourly,$0.008 hourly,$0.0407 hourly,$0.0325 hourly
T3A Extra Large,t3a.xlarge,"51,981.806",General purpose,19.0 fps,16 GiB,4 vCPUs (9h 36m burst),EBS only,Up to 5 Gigabit,$0.1786 hourly,$0.1125 hourly,$0.0719 hourly,$0.2522 hourly,$0.1861 hourly
T4G Double Extra Large,t4g.2xlarge,"149,068.323",General purpose,49.0 fps,32 GiB,8 vCPUs (9h 36m burst),EBS only,Up to 5 Gigabit,$0.32 hourly,$0.2015 hourly,$0.0647 hourly,,
T4G Large,t4g.large,"39,596.12",General purpose,12.0 fps,8 GiB,2 vCPUs (7h 12m burst),EBS only,Up to 5 Gigabit,$0.08 hourly,$0.0504 hourly,$0.039 hourly,,
T4G Medium,t4g.medium,"39,179.835",General purpose,,4 GiB,2 vCPUs (4h 48m burst),EBS only,Up to 5 Gigabit,$0.04 hourly,$0.0252 hourly,$0.0213 hourly,,
T4G Micro,t4g.micro,"38,902.937",General purpose,,1 GiB,2 vCPUs (2h 24m burst),EBS only,Up to 5 Gigabit,$0.01 hourly,$0.0063 hourly,$0.0035 hourly,,
T4G Nano,t4g.nano,"38,488.678",General purpose,,0.5 GiB,2 vCPUs (1h 12m burst),EBS only,Up to 5 Gigabit,$0.005 hourly,$0.0031 hourly,$0.0044 hourly,,
T4G Small,t4g.small,"37,874.006",General purpose,,2 GiB,2 vCPUs (4h 48m burst),EBS only,Up to 5 Gigabit,$0.02 hourly,$0.0126 hourly,$0.0091 hourly,,
T4G Extra Large,t4g.xlarge,"77,489.345",General purpose,25.0 fps,16 GiB,4 vCPUs (9h 36m burst),EBS only,Up to 5 Gigabit,$0.16 hourly,$0.1007 hourly,$0.0728 hourly,,
TRN1 Double Extra Large,trn1.2xlarge,"143,697.517",Machine Learning ASIC Instances,56.0 fps,32 GiB,8 vCPUs,474 GB NVMe SSD,Up to 12.5 Gigabit,,,,,
TRN1 32xlarge,trn1.32xlarge,"2,177,889.319",Machine Learning ASIC Instances,221.0 fps,512 GiB,128 vCPUs,7600 GB (4×1900 GB NVMe SSD),8x 100 Gigabit,,,,,
TRN1N 32xlarge,trn1n.32xlarge,"2,151,170.119",Machine Learning ASIC Instances,222.0 fps,512 GiB,128 vCPUs,7600 GB (4×1900 GB NVMe SSD),16x 100 Gigabit,,,,,
TRN2 48xlarge,trn2.48xlarge,,Machine Learning ASIC Instances,,2048 GiB,192 vCPUs,7600 GB (4×1900 GB NVMe SSD),16x 200 Gigabit,,,,,
U-12TB1 112xlarge,u-12tb1.112xlarge,,Memory optimized,,12288 GiB,448 vCPUs,EBS only,100 Gigabit,,,,,
U-12TB1 Metal,u-12tb1.metal,,Memory optimized,,12288 GiB,448 vCPUs,EBS only,100 Gigabit,,,,,
U-18TB1 112xlarge,u-18tb1.112xlarge,,Memory optimized,,18432 GiB,448 vCPUs,EBS only,100 Gigabit,,,,,
U-18TB1 Metal,u-18tb1.metal,,Memory optimized,,18432 GiB,448 vCPUs,EBS only,100 Gigabit,,,,,
U-24TB1 112xlarge,u-24tb1.112xlarge,,Memory optimized,,24576 GiB,448 vCPUs,EBS only,100 Gigabit,,,,,
U-24TB1 Metal,u-24tb1.metal,,Memory optimized,,24576 GiB,448 vCPUs,EBS only,100 Gigabit,,,,,
U-3TB1 56xlarge,u-3tb1.56xlarge,"2,906,920.157",Memory optimized,162.0 fps,3072 GiB,224 vCPUs,EBS only,50 Gigabit,,,,,
U-6TB1 112xlarge,u-6tb1.112xlarge,"5,678,613.303",Memory optimized,114.0 fps,6144 GiB,448 vCPUs,EBS only,100 Gigabit,,,,,
U-6TB1 56xlarge,u-6tb1.56xlarge,"4,544,071.407",Memory optimized,170.0 fps,6144 GiB,224 vCPUs,EBS only,100 Gigabit,,,,,
U-6TB1 Metal,u-6tb1.metal,,Memory optimized,,6144 GiB,448 vCPUs,EBS only,100 Gigabit,,,,,
U-9TB1 112xlarge,u-9tb1.112xlarge,,Memory optimized,,9216 GiB,448 vCPUs,EBS only,100 Gigabit,,,,,
U-9TB1 Metal,u-9tb1.metal,,Memory optimized,,9216 GiB,448 vCPUs,EBS only,100 Gigabit,,,,,
U7I-12TB 224xlarge,u7i-12tb.224xlarge,,Memory optimized,,12288 GiB,896 vCPUs,EBS only,100 Gigabit,,,,,
U7I-6TB 112xlarge,u7i-6tb.112xlarge,"8,291,178.285",Memory optimized,242.0 fps,6144 GiB,448 vCPUs,EBS only,100 Gigabit,,,,,
U7I-8TB 112xlarge,u7i-8tb.112xlarge,"8,540,382.538",Memory optimized,249.0 fps,8192 GiB,448 vCPUs,EBS only,100 Gigabit,,,,,
U7IN-16TB 224xlarge,u7in-16tb.224xlarge,,Memory optimized,,16384 GiB,896 vCPUs,EBS only,200 Gigabit,,,,,
U7IN-24TB 224xlarge,u7in-24tb.224xlarge,,Memory optimized,,24576 GiB,896 vCPUs,EBS only,200 Gigabit,,,,,
U7IN-32TB 224xlarge,u7in-32tb.224xlarge,,Memory optimized,,32768 GiB,896 vCPUs,EBS only,200 Gigabit,,,,,
VT1 24xlarge,vt1.24xlarge,"1,069,796.813",Media Accelerator Instances,175.0 fps,192 GiB,96 vCPUs,EBS only,25 Gigabit,,,,,
VT1 3xlarge,vt1.3xlarge,"171,551.108",Media Accelerator Instances,58.0 fps,24 GiB,12 vCPUs,EBS only,3.12 Gigabit,,,,,
VT1 6xlarge,vt1.6xlarge,"311,850.312",Media Accelerator Instances,107.0 fps,48 GiB,24 vCPUs,EBS only,6.25 Gigabit,,,,,
X1 Extra High-Memory 16xlarge Extra Large,x1.16xlarge,"1,144,389.808",Memory optimized,213.0 fps,976 GiB,64 vCPUs,1920 GB SSD,10 Gigabit,,,,,
X1 Extra High-Memory 32xlarge,x1.32xlarge,"2,194,787.38",Memory optimized,230.0 fps,1952 GiB,128 vCPUs,3840 GB (2×1920 GB SSD),25 Gigabit,,,,,
X1E 16xlarge Extra Large,x1e.16xlarge,"1,105,974.856",Memory optimized,212.0 fps,1952 GiB,64 vCPUs,1920 GB SSD,10 Gigabit,,,,,
X1E Double Extra Large,x1e.2xlarge,"104,899.69",Memory optimized,32.0 fps,244 GiB,8 vCPUs,240 GB SSD,Up to 10 Gigabit,,,,,
X1E 32xlarge,x1e.32xlarge,"2,226,377.354",Memory optimized,247.0 fps,3904 GiB,128 vCPUs,3840 GB (2×1920 GB SSD),25 Gigabit,,,,,
X1E Quadruple Extra Large,x1e.4xlarge,"276,948.375",Memory optimized,102.0 fps,488 GiB,16 vCPUs,480 GB SSD,Up to 10 Gigabit,,,,,
X1E Eight Extra Large,x1e.8xlarge,"565,745.856",Memory optimized,172.0 fps,976 GiB,32 vCPUs,960 GB SSD,Up to 10 Gigabit,,,,,
X1E Extra Large,x1e.xlarge,"61,299.55",Memory optimized,24.0 fps,122 GiB,4 vCPUs,120 GB SSD,Up to 10 Gigabit,,,,,
X2GD 12xlarge Extra Large,x2gd.12xlarge,"952,695.997",Memory optimized,172.0 fps,768 GiB,48 vCPUs,2850 GB (2×1425 GB NVMe SSD),20 Gigabit,,,,,
X2GD 16xlarge Extra Large,x2gd.16xlarge,"1,269,505.422",Memory optimized,174.0 fps,1024 GiB,64 vCPUs,3800 GB (2×1900 GB NVMe SSD),25 Gigabit,,,,,
X2GD Double Extra Large,x2gd.2xlarge,"158,436.757",Memory optimized,50.0 fps,128 GiB,8 vCPUs,475 GB NVMe SSD,Up to 10 Gigabit,,,,,
X2GD Quadruple Extra Large,x2gd.4xlarge,"317,523.318",Memory optimized,93.0 fps,256 GiB,16 vCPUs,950 GB NVMe SSD,Up to 10 Gigabit,,,,,
X2GD Eight Extra Large,x2gd.8xlarge,"646,725.95",Memory optimized,149.0 fps,512 GiB,32 vCPUs,1900 GB NVMe SSD,12 Gigabit,,,,,
X2GD Large,x2gd.large,"40,461.258",Memory optimized,13.0 fps,32 GiB,2 vCPUs,118 GB NVMe SSD,Up to 10 Gigabit,,,,,
X2GD Medium,x2gd.medium,"19,681.165",Memory optimized,6.9 fps,16 GiB,1 vCPUs,59 GB NVMe SSD,Up to 10 Gigabit,,,,,
X2GD Metal,x2gd.metal,"1,264,822.134",Memory optimized,178.0 fps,1024 GiB,64 vCPUs,3800 GB (2×1900 GB NVMe SSD),25 Gigabit,,,,,
X2GD Extra Large,x2gd.xlarge,"78,390.384",Memory optimized,25.0 fps,64 GiB,4 vCPUs,237 GB NVMe SSD,Up to 10 Gigabit,,,,,
X2IDN 16xlarge Extra Large,x2idn.16xlarge,"1,098,335.336",Memory optimized,185.0 fps,1024 GiB,64 vCPUs,1900 GB NVMe SSD,50 Gigabit,$8.67 hourly,$5.3347 hourly,$0.867 hourly,$11.614 hourly,$8.2787 hourly
X2IDN 24xlarge,x2idn.24xlarge,"1,668,912.165",Memory optimized,243.0 fps,1536 GiB,96 vCPUs,2850 GB (2×1425 GB NVMe SSD),75 Gigabit,$13.005 hourly,$8.002 hourly,$1.3005 hourly,$17.421 hourly,$8.002 hourly
X2IDN 32xlarge,x2idn.32xlarge,"2,132,000.833",Memory optimized,216.0 fps,2048 GiB,128 vCPUs,3800 GB (2×1900 GB NVMe SSD),100 Gigabit,$17.34 hourly,$10.6693 hourly,$1.734 hourly,$23.228 hourly,$16.5573 hourly
X2IDN Metal,x2idn.metal,"2,279,405.218",Memory optimized,264.0 fps,2048 GiB,128 vCPUs,3800 GB (2×1900 GB NVMe SSD),100 Gigabit,$17.34 hourly,$10.6693 hourly,$1.734 hourly,$23.228 hourly,$16.5573 hourly
X2IEDN 16xlarge Extra Large,x2iedn.16xlarge,"1,082,910.321",Memory optimized,184.0 fps,2048 GiB,64 vCPUs,1900 GB NVMe SSD,50 Gigabit,$17.34 hourly,$10.6693 hourly,$1.734 hourly,$20.284 hourly,$13.6133 hourly
X2IEDN 24xlarge,x2iedn.24xlarge,"1,637,107.776",Memory optimized,238.0 fps,3072 GiB,96 vCPUs,2850 GB (2×1425 GB NVMe SSD),75 Gigabit,$26.01 hourly,$16.004 hourly,$2.601 hourly,$30.426 hourly,$16.004 hourly
X2IEDN Double Extra Large,x2iedn.2xlarge,"137,628.489",Memory optimized,56.0 fps,256 GiB,8 vCPUs,237 GB NVMe SSD,Up to 25 Gigabit,$2.1675 hourly,$1.3337 hourly,$0.2549 hourly,$2.5355 hourly,$1.7017 hourly
X2IEDN 32xlarge,x2iedn.32xlarge,"2,111,949.841",Memory optimized,217.0 fps,4096 GiB,128 vCPUs,3800 GB (2×1900 GB NVMe SSD),100 Gigabit,$34.68 hourly,$21.3386 hourly,$3.468 hourly,$40.568 hourly,$27.2266 hourly
X2IEDN Quadruple Extra Large,x2iedn.4xlarge,"270,704.678",Memory optimized,105.0 fps,512 GiB,16 vCPUs,475 GB NVMe SSD,Up to 25 Gigabit,$4.335 hourly,$2.6673 hourly,$0.6693 hourly,$5.071 hourly,$3.4033 hourly
X2IEDN Eight Extra Large,x2iedn.8xlarge,"555,603.785",Memory optimized,182.0 fps,1024 GiB,32 vCPUs,950 GB NVMe SSD,25 Gigabit,$8.67 hourly,$5.3347 hourly,$0.867 hourly,$10.142 hourly,$5.3347 hourly
X2IEDN Metal,x2iedn.metal,"2,256,600.115",Memory optimized,267.0 fps,4096 GiB,128 vCPUs,3800 GB (2×1900 GB NVMe SSD),100 Gigabit,$34.68 hourly,$21.3386 hourly,$3.468 hourly,$40.568 hourly,$21.3386 hourly
X2IEDN Extra Large,x2iedn.xlarge,"67,218.418",Memory optimized,28.0 fps,128 GiB,4 vCPUs,118 GB NVMe SSD,Up to 25 Gigabit,$1.0838 hourly,$0.6668 hourly,$0.2157 hourly,$1.2678 hourly,$0.6668 hourly
X2IEZN 12xlarge Extra Large,x2iezn.12xlarge,"1,000,208.377",Memory optimized,199.0 fps,1536 GiB,48 vCPUs,EBS only,100 Gigabit,,,,,
X2IEZN Double Extra Large,x2iezn.2xlarge,"164,220.466",Memory optimized,53.0 fps,256 GiB,8 vCPUs,EBS only,Up to 25 Gigabit,,,,,
X2IEZN Quadruple Extra Large,x2iezn.4xlarge,"319,696.289",Memory optimized,102.0 fps,512 GiB,16 vCPUs,EBS only,Up to 25 Gigabit,,,,,
X2IEZN 6xlarge,x2iezn.6xlarge,"533,214.841",Memory optimized,143.0 fps,768 GiB,24 vCPUs,EBS only,50 Gigabit,,,,,
X2IEZN Eight Extra Large,x2iezn.8xlarge,"646,725.95",Memory optimized,168.0 fps,1024 GiB,32 vCPUs,EBS only,75 Gigabit,,,,,
X2IEZN Metal,x2iezn.metal,"978,343.949",Memory optimized,198.0 fps,1536 GiB,48 vCPUs,EBS only,100 Gigabit,,,,,
X8AEDZ 12xlarge Extra Large,x8aedz.12xlarge,"2,454,101.789",Memory optimized,429.0 fps,1536 GiB,48 vCPUs,3800 GB NVMe SSD,37.5 Gigabit,,,,,
X8AEDZ 24xlarge,x8aedz.24xlarge,"4,801,527.759",Memory optimized,430.0 fps,3072 GiB,96 vCPUs,7600 GB (2×3800 GB NVMe SSD),75 Gigabit,,,,,
X8AEDZ 3xlarge,x8aedz.3xlarge,"626,067.16",Memory optimized,200.0 fps,384 GiB,12 vCPUs,950 GB NVMe SSD,Up to 18.75 Gigabit,,,,,
X8AEDZ 6xlarge,x8aedz.6xlarge,"1,196,085.538",Memory optimized,328.0 fps,768 GiB,24 vCPUs,1900 GB NVMe SSD,18.75 Gigabit,,,,,
X8AEDZ Large,x8aedz.large,"107,332.78",Memory optimized,39.0 fps,64 GiB,2 vCPUs,158 GB NVMe SSD,Up to 18.75 Gigabit,,,,,
X8AEDZ Metal-12xl,x8aedz.metal-12xl,"2,559,875.885",Memory optimized,438.0 fps,1536 GiB,48 vCPUs,3800 GB NVMe SSD,37.5 Gigabit,,,,,
X8AEDZ Metal-24xl,x8aedz.metal-24xl,"4,924,454.393",Memory optimized,454.0 fps,3072 GiB,96 vCPUs,7600 GB (2×3800 GB NVMe SSD),75 Gigabit,,,,,
X8AEDZ Extra Large,x8aedz.xlarge,"213,260.954",Memory optimized,76.0 fps,128 GiB,4 vCPUs,316 GB NVMe SSD,Up to 18.75 Gigabit,,,,,
X8G 12xlarge Extra Large,x8g.12xlarge,"1,502,464.982",Memory optimized,291.0 fps,768 GiB,48 vCPUs,EBS only,22.5 Gigabit,,,,,
X8G 16xlarge Extra Large,x8g.16xlarge,"1,802,436.105",Memory optimized,293.0 fps,1024 GiB,64 vCPUs,EBS only,30 Gigabit,,,,,
X8G 24xlarge,x8g.24xlarge,"2,895,272.563",Memory optimized,296.0 fps,1536 GiB,96 vCPUs,EBS only,40 Gigabit,,,,,
X8G Double Extra Large,x8g.2xlarge,"247,104.247",Memory optimized,88.0 fps,128 GiB,8 vCPUs,EBS only,Up to 15 Gigabit,,,,,
X8G 48xlarge,x8g.48xlarge,,Memory optimized,,3072 GiB,192 vCPUs,EBS only,50 Gigabit,,,,,
X8G Quadruple Extra Large,x8g.4xlarge,"479,113.64",Memory optimized,157.0 fps,256 GiB,16 vCPUs,EBS only,Up to 15 Gigabit,,,,,
X8G Eight Extra Large,x8g.8xlarge,"932,468.857",Memory optimized,252.0 fps,512 GiB,32 vCPUs,EBS only,15 Gigabit,,,,,
X8G Large,x8g.large,"59,997",Memory optimized,22.0 fps,32 GiB,2 vCPUs,EBS only,Up to 12.5 Gigabit,,,,,
X8G Medium,x8g.medium,"31,036.623",Memory optimized,12.0 fps,16 GiB,1 vCPUs,EBS only,Up to 12.5 Gigabit,,,,,
X8G Metal-24xl,x8g.metal-24xl,"2,889,825.406",Memory optimized,298.0 fps,1536 GiB,96 vCPUs,EBS only,40 Gigabit,,,,,
X8G Metal-48xl,x8g.metal-48xl,,Memory optimized,,3072 GiB,192 vCPUs,EBS only,50 Gigabit,,,,,
X8G Extra Large,x8g.xlarge,"121,747.07",Memory optimized,45.0 fps,64 GiB,4 vCPUs,EBS only,Up to 12.5 Gigabit,,,,,
X8I 12xlarge Extra Large,x8i.12xlarge,"1,197,604.79",Memory optimized,261.0 fps,768 GiB,48 vCPUs,EBS only,22.5 Gigabit,,,,,
X8I 16xlarge Extra Large,x8i.16xlarge,"1,603,206.413",Memory optimized,260.0 fps,1024 GiB,64 vCPUs,EBS only,30 Gigabit,,,,,
X8I 24xlarge,x8i.24xlarge,"2,202,466.303",Memory optimized,294.0 fps,1536 GiB,96 vCPUs,EBS only,40 Gigabit,,,,,
X8I Double Extra Large,x8i.2xlarge,"191,632.066",Memory optimized,77.0 fps,128 GiB,8 vCPUs,EBS only,Up to 15 Gigabit,,,,,
X8I 32xlarge,x8i.32xlarge,"3,045,262.594",Memory optimized,183.0 fps,2048 GiB,128 vCPUs,EBS only,50 Gigabit,,,,,
X8I 48xlarge,x8i.48xlarge,,Memory optimized,,3072 GiB,192 vCPUs,EBS only,75 Gigabit,,,,,
X8I Quadruple Extra Large,x8i.4xlarge,"384,630.795",Memory optimized,144.0 fps,256 GiB,16 vCPUs,EBS only,Up to 15 Gigabit,,,,,
X8I 64xlarge,x8i.64xlarge,,Memory optimized,,4096 GiB,256 vCPUs,EBS only,80 Gigabit,,,,,
X8I Eight Extra Large,x8i.8xlarge,"761,451.517",Memory optimized,244.0 fps,512 GiB,32 vCPUs,EBS only,15 Gigabit,,,,,
X8I 96xlarge,x8i.96xlarge,,Memory optimized,,6144 GiB,384 vCPUs,EBS only,100 Gigabit,,,,,
X8I Large,x8i.large,"48,003.84",Memory optimized,19.0 fps,32 GiB,2 vCPUs,EBS only,Up to 12.5 Gigabit,,,,,
X8I Metal-48xl,x8i.metal-48xl,,Memory optimized,,3072 GiB,192 vCPUs,EBS only,75 Gigabit,,,,,
X8I Metal-96xl,x8i.metal-96xl,,Memory optimized,,6144 GiB,384 vCPUs,EBS only,100 Gigabit,,,,,
X8I Extra Large,x8i.xlarge,"98,051.232",Memory optimized,40.0 fps,64 GiB,4 vCPUs,EBS only,Up to 12.5 Gigabit,,,,,
Z1D 12xlarge Extra Large,z1d.12xlarge,"902,340.446",Memory optimized,192.0 fps,384 GiB,48 vCPUs,1800 GB (2×900 GB NVMe SSD),25 Gigabit,$5.064 hourly,$3.19 hourly,$0.5064 hourly,$7.272 hourly,$5.398 hourly
Z1D Double Extra Large,z1d.2xlarge,"147,126.437",Memory optimized,51.0 fps,64 GiB,8 vCPUs,300 GB NVMe SSD,Up to 10 Gigabit,$0.844 hourly,$0.532 hourly,$0.2638 hourly,$1.212 hourly,$0.90 hourly
Z1D 3xlarge,z1d.3xlarge,"222,088.558",Memory optimized,75.0 fps,96 GiB,12 vCPUs,450 GB NVMe SSD,Up to 10 Gigabit,$1.266 hourly,$0.798 hourly,$0.3052 hourly,$1.818 hourly,$1.35 hourly
Z1D 6xlarge,z1d.6xlarge,"435,492.651",Memory optimized,139.0 fps,192 GiB,24 vCPUs,900 GB NVMe SSD,12 Gigabit,$2.532 hourly,$1.595 hourly,$0.4451 hourly,$3.636 hourly,$2.699 hourly
Z1D Large,z1d.large,"36,310.821",Memory optimized,13.0 fps,16 GiB,2 vCPUs,75 GB NVMe SSD,Up to 10 Gigabit,$0.211 hourly,$0.133 hourly,$0.042 hourly,$0.303 hourly,$0.225 hourly
Z1D Metal,z1d.metal,"962,213.09",Memory optimized,187.0 fps,384 GiB,48 vCPUs,1800 GB (2×900 GB NVMe SSD),25 Gigabit,$5.064 hourly,$3.19 hourly,$0.6594 hourly,$7.272 hourly,$5.398 hourly
Z1D Extra Large,z1d.xlarge,"72,549.197",Memory optimized,26.0 fps,32 GiB,4 vCPUs,150 GB NVMe SSD,Up to 10 Gigabit,$0.422 hourly,$0.266 hourly,$0.1389 hourly,$0.606 hourly,$0.45 hourly